Date,wikipedia_pageviews
2015-07-01,13137.0
2015-07-02,9938.0
2015-07-03,8498.0
2015-07-04,9113.0
2015-07-05,8908.0
2015-07-06,10456.0
2015-07-07,11392.0
2015-07-08,11294.0
2015-07-09,9808.0
2015-07-10,8478.0
2015-07-11,7097.0
2015-07-12,7439.0
2015-07-13,9053.0
2015-07-14,7900.0
2015-07-15,7585.0
2015-07-16,7822.0
2015-07-17,7264.0
2015-07-18,6343.0
2015-07-19,9256.0
2015-07-20,8946.0
2015-07-21,8595.0
2015-07-22,8892.0
2015-07-23,9449.0
2015-07-24,7952.0
2015-07-25,7283.0
2015-07-26,8473.0
2015-07-27,9626.0
2015-07-28,9436.0
2015-07-29,9063.0
2015-07-30,8548.0
2015-07-31,7220.0
2015-08-01,19280.0
2015-08-02,13539.0
2015-08-03,10351.0
2015-08-04,8943.0
2015-08-05,8469.0
2015-08-06,8066.0
2015-08-07,7942.0
2015-08-08,6901.0
2015-08-09,6832.0
2015-08-10,7794.0
2015-08-11,8070.0
2015-08-12,8389.0
2015-08-13,9769.0
2015-08-14,7322.0
2015-08-15,6422.0
2015-08-16,6640.0
2015-08-17,7683.0
2015-08-18,11541.0
2015-08-19,11921.0
2015-08-20,10579.0
2015-08-21,9664.0
2015-08-22,7673.0
2015-08-23,9181.0
2015-08-24,11678.0
2015-08-25,9808.0
2015-08-26,10923.0
2015-08-27,8496.0
2015-08-28,7543.0
2015-08-29,8285.0
2015-08-30,9485.0
2015-08-31,8902.0
2015-09-01,9625.0
2015-09-02,8586.0
2015-09-03,8147.0
2015-09-04,7057.0
2015-09-05,6023.0
2015-09-06,6399.0
2015-09-07,7505.0
2015-09-08,8553.0
2015-09-09,8275.0
2015-09-10,8385.0
2015-09-11,8024.0
2015-09-12,6968.0
2015-09-13,7008.0
2015-09-14,10119.0
2015-09-15,9090.0
2015-09-16,8800.0
2015-09-17,9018.0
2015-09-18,9788.0
2015-09-19,7558.0
2015-09-20,7368.0
2015-09-21,8936.0
2015-09-22,10027.0
2015-09-23,41177.0
2015-09-24,8707.0
2015-09-25,10171.0
2015-09-26,7046.0
2015-09-27,7292.0
2015-09-28,8213.0
2015-09-29,8418.0
2015-09-30,8602.0
2015-10-01,7942.0
2015-10-02,7540.0
2015-10-03,6772.0
2015-10-04,7565.0
2015-10-05,8901.0
2015-10-06,11515.0
2015-10-07,9937.0
2015-10-08,8930.0
2015-10-09,8510.0
2015-10-10,7433.0
2015-10-11,7692.0
2015-10-12,8895.0
2015-10-13,8719.0
2015-10-14,10092.0
2015-10-15,8397.0
2015-10-16,7882.0
2015-10-17,6919.0
2015-10-18,7189.0
2015-10-19,9286.0
2015-10-20,9618.0
2015-10-21,9091.0
2015-10-22,9548.0
2015-10-23,8964.0
2015-10-24,7211.0
2015-10-25,8115.0
2015-10-26,9774.0
2015-10-27,10467.0
2015-10-28,10815.0
2015-10-29,11065.0
2015-10-30,10597.0
2015-10-31,7868.0
2015-11-01,9414.0
2015-11-02,10937.0
2015-11-03,12552.0
2015-11-04,15437.0
2015-11-05,17375.0
2015-11-06,12389.0
2015-11-07,9095.0
2015-11-08,9944.0
2015-11-09,12995.0
2015-11-10,11800.0
2015-11-11,9867.0
2015-11-12,10723.0
2015-11-13,10063.0
2015-11-14,7329.0
2015-11-15,8089.0
2015-11-16,9350.0
2015-11-17,10446.0
2015-11-18,9931.0
2015-11-19,9356.0
2015-11-20,9095.0
2015-11-21,7921.0
2015-11-22,7864.0
2015-11-23,8695.0
2015-11-24,8071.0
2015-11-25,7602.0
2015-11-26,9906.0
2015-11-27,7525.0
2015-11-28,6900.0
2015-11-29,7443.0
2015-11-30,9707.0
2015-12-01,9924.0
2015-12-02,9334.0
2015-12-03,9198.0
2015-12-04,9648.0
2015-12-05,8269.0
2015-12-06,7899.0
2015-12-07,9360.0
2015-12-08,15663.0
2015-12-09,64048.0
2015-12-10,29548.0
2015-12-11,15773.0
2015-12-12,10766.0
2015-12-13,10543.0
2015-12-14,11447.0
2015-12-15,13976.0
2015-12-16,13004.0
2015-12-17,10635.0
2015-12-18,9153.0
2015-12-19,8192.0
2015-12-20,8274.0
2015-12-21,9755.0
2015-12-22,8825.0
2015-12-23,9040.0
2015-12-24,7909.0
2015-12-25,6960.0
2015-12-26,9192.0
2015-12-27,14084.0
2015-12-28,10191.0
2015-12-29,10041.0
2015-12-30,9006.0
2015-12-31,7727.0
2016-01-01,6917.0
2016-01-02,8377.0
2016-01-03,10766.0
2016-01-04,10785.0
2016-01-05,10522.0
2016-01-06,9285.0
2016-01-07,10956.0
2016-01-08,9452.0
2016-01-09,7980.0
2016-01-10,8171.0
2016-01-11,9588.0
2016-01-12,8934.0
2016-01-13,8913.0
2016-01-14,8931.0
2016-01-15,10703.0
2016-01-16,10065.0
2016-01-17,10603.0
2016-01-18,11649.0
2016-01-19,10967.0
2016-01-20,10033.0
2016-01-21,10319.0
2016-01-22,9526.0
2016-01-23,7271.0
2016-01-24,8098.0
2016-01-25,9522.0
2016-01-26,9169.0
2016-01-27,10703.0
2016-01-28,11258.0
2016-01-29,10328.0
2016-01-30,7571.0
2016-01-31,7165.0
2016-02-01,8640.0
2016-02-02,9008.0
2016-02-03,8621.0
2016-02-04,8881.0
2016-02-05,7503.0
2016-02-06,6998.0
2016-02-07,7706.0
2016-02-08,8250.0
2016-02-09,8654.0
2016-02-10,8749.0
2016-02-11,8899.0
2016-02-12,8609.0
2016-02-13,7796.0
2016-02-14,9550.0
2016-02-15,11809.0
2016-02-16,12099.0
2016-02-17,11718.0
2016-02-18,22422.0
2016-02-19,16070.0
2016-02-20,11918.0
2016-02-21,11716.0
2016-02-22,11513.0
2016-02-23,10863.0
2016-02-24,10723.0
2016-02-25,11566.0
2016-02-26,8885.0
2016-02-27,8268.0
2016-02-28,7831.0
2016-02-29,9651.0
2016-03-01,10153.0
2016-03-02,9459.0
2016-03-03,10031.0
2016-03-04,8543.0
2016-03-05,7679.0
2016-03-06,8557.0
2016-03-07,10637.0
2016-03-08,10109.0
2016-03-09,9119.0
2016-03-10,8640.0
2016-03-11,8023.0
2016-03-12,6626.0
2016-03-13,9435.0
2016-03-14,10794.0
2016-03-15,10409.0
2016-03-16,9168.0
2016-03-17,8368.0
2016-03-18,7623.0
2016-03-19,6247.0
2016-03-20,7103.0
2016-03-21,8780.0
2016-03-22,9147.0
2016-03-23,8634.0
2016-03-24,9154.0
2016-03-25,7603.0
2016-03-26,6543.0
2016-03-27,7363.0
2016-03-28,8920.0
2016-03-29,9056.0
2016-03-30,8738.0
2016-03-31,8747.0
2016-04-01,7796.0
2016-04-02,7048.0
2016-04-03,7701.0
2016-04-04,8945.0
2016-04-05,10338.0
2016-04-06,8844.0
2016-04-07,8596.0
2016-04-08,9075.0
2016-04-09,6639.0
2016-04-10,7263.0
2016-04-11,9580.0
2016-04-12,9069.0
2016-04-13,9421.0
2016-04-14,9188.0
2016-04-15,8044.0
2016-04-16,6127.0
2016-04-17,6649.0
2016-04-18,8199.0
2016-04-19,9412.0
2016-04-20,8777.0
2016-04-21,11743.0
2016-04-22,12084.0
2016-04-23,7659.0
2016-04-24,8797.0
2016-04-25,9546.0
2016-04-26,9756.0
2016-04-27,9176.0
2016-04-28,9900.0
2016-04-29,8072.0
2016-04-30,6586.0
2016-05-01,7025.0
2016-05-02,89547.0
2016-05-03,45695.0
2016-05-04,20558.0
2016-05-05,25888.0
2016-05-06,17502.0
2016-05-07,11558.0
2016-05-08,11613.0
2016-05-09,13848.0
2016-05-10,12811.0
2016-05-11,16721.0
2016-05-12,17175.0
2016-05-13,9961.0
2016-05-14,12427.0
2016-05-15,12559.0
2016-05-16,12247.0
2016-05-17,9303.0
2016-05-18,10261.0
2016-05-19,12704.0
2016-05-20,8809.0
2016-05-21,7079.0
2016-05-22,7734.0
2016-05-23,9439.0
2016-05-24,9745.0
2016-05-25,8550.0
2016-05-26,8559.0
2016-05-27,8700.0
2016-05-28,8140.0
2016-05-29,7925.0
2016-05-30,13545.0
2016-05-31,14649.0
2016-06-01,11593.0
2016-06-02,9992.0
2016-06-03,10522.0
2016-06-04,8427.0
2016-06-05,11645.0
2016-06-06,10709.0
2016-06-07,10221.0
2016-06-08,9873.0
2016-06-09,9686.0
2016-06-10,8862.0
2016-06-11,8235.0
2016-06-12,9122.0
2016-06-13,12812.0
2016-06-14,11225.0
2016-06-15,10453.0
2016-06-16,11705.0
2016-06-17,11213.0
2016-06-18,9926.0
2016-06-19,10583.0
2016-06-20,12237.0
2016-06-21,12419.0
2016-06-22,10637.0
2016-06-23,10576.0
2016-06-24,19485.0
2016-06-25,13130.0
2016-06-26,8771.0
2016-06-27,12055.0
2016-06-28,10439.0
2016-06-29,11503.0
2016-06-30,10351.0
2016-07-01,9122.0
2016-07-02,8167.0
2016-07-03,9208.0
2016-07-04,9719.0
2016-07-05,9776.0
2016-07-06,9550.0
2016-07-07,9990.0
2016-07-08,9093.0
2016-07-09,9336.0
2016-07-10,10963.0
2016-07-11,10808.0
2016-07-12,10526.0
2016-07-13,10617.0
2016-07-14,9455.0
2016-07-15,9026.0
2016-07-16,7465.0
2016-07-17,8469.0
2016-07-18,9265.0
2016-07-19,8594.0
2016-07-20,8706.0
2016-07-21,8963.0
2016-07-22,11080.0
2016-07-23,7503.0
2016-07-24,7720.0
2016-07-25,9705.0
2016-07-26,11232.0
2016-07-27,11588.0
2016-07-28,9608.0
2016-07-29,8636.0
2016-07-30,7977.0
2016-07-31,68744.0
2016-08-01,8979.0
2016-08-02,10183.0
2016-08-03,20889.0
2016-08-04,13756.0
2016-08-05,10113.0
2016-08-06,8210.0
2016-08-07,14426.0
2016-08-08,12667.0
2016-08-09,11998.0
2016-08-10,11393.0
2016-08-11,8702.0
2016-08-12,8200.0
2016-08-13,8243.0
2016-08-14,7195.0
2016-08-15,8361.0
2016-08-16,8803.0
2016-08-17,9089.0
2016-08-18,10421.0
2016-08-19,9974.0
2016-08-20,7154.0
2016-08-21,7602.0
2016-08-22,8703.0
2016-08-23,9225.0
2016-08-24,9528.0
2016-08-25,9988.0
2016-08-26,9715.0
2016-08-27,7708.0
2016-08-28,8009.0
2016-08-29,9769.0
2016-08-30,9014.0
2016-08-31,9761.0
2016-09-01,9460.0
2016-09-02,8399.0
2016-09-03,7929.0
2016-09-04,8230.0
2016-09-05,9341.0
2016-09-06,9693.0
2016-09-07,9797.0
2016-09-08,10260.0
2016-09-09,9458.0
2016-09-10,8414.0
2016-09-11,8128.0
2016-09-12,12303.0
2016-09-13,11330.0
2016-09-14,10731.0
2016-09-15,11608.0
2016-09-16,11372.0
2016-09-17,10602.0
2016-09-18,9720.0
2016-09-19,10176.0
2016-09-20,10303.0
2016-09-21,9507.0
2016-09-22,10163.0
2016-09-23,8433.0
2016-09-24,9133.0
2016-09-25,7924.0
2016-09-26,9918.0
2016-09-27,8864.0
2016-09-28,10660.0
2016-09-29,8419.0
2016-09-30,8792.0
2016-10-01,8601.0
2016-10-02,8041.0
2016-10-03,8909.0
2016-10-04,9753.0
2016-10-05,9800.0
2016-10-06,9020.0
2016-10-07,9804.0
2016-10-08,7514.0
2016-10-09,7420.0
2016-10-10,8394.0
2016-10-11,10270.0
2016-10-12,10622.0
2016-10-13,9291.0
2016-10-14,8857.0
2016-10-15,7244.0
2016-10-16,7685.0
2016-10-17,9412.0
2016-10-18,9423.0
2016-10-19,9258.0
2016-10-20,8366.0
2016-10-21,10798.0
2016-10-22,7065.0
2016-10-23,8432.0
2016-10-24,9283.0
2016-10-25,10462.0
2016-10-26,9056.0
2016-10-27,9040.0
2016-10-28,14851.0
2016-10-29,11299.0
2016-10-30,9047.0
2016-10-31,12396.0
2016-11-01,10585.0
2016-11-02,10692.0
2016-11-03,10154.0
2016-11-04,9423.0
2016-11-05,12504.0
2016-11-06,11283.0
2016-11-07,12161.0
2016-11-08,12423.0
2016-11-09,13461.0
2016-11-10,11984.0
2016-11-11,10447.0
2016-11-12,9303.0
2016-11-13,10029.0
2016-11-14,23393.0
2016-11-15,15372.0
2016-11-16,16299.0
2016-11-17,15529.0
2016-11-18,18708.0
2016-11-19,12925.0
2016-11-20,16554.0
2016-11-21,14835.0
2016-11-22,16363.0
2016-11-23,18741.0
2016-11-24,16980.0
2016-11-25,13992.0
2016-11-26,13654.0
2016-11-27,14972.0
2016-11-28,17343.0
2016-11-29,16634.0
2016-11-30,12276.0
2016-12-01,11267.0
2016-12-02,11793.0
2016-12-03,8992.0
2016-12-04,9628.0
2016-12-05,10874.0
2016-12-06,11956.0
2016-12-07,11293.0
2016-12-08,11414.0
2016-12-09,10046.0
2016-12-10,9888.0
2016-12-11,9427.0
2016-12-12,10852.0
2016-12-13,12285.0
2016-12-14,11821.0
2016-12-15,11320.0
2016-12-16,10845.0
2016-12-17,9297.0
2016-12-18,9699.0
2016-12-19,12177.0
2016-12-20,12132.0
2016-12-21,12697.0
2016-12-22,13775.0
2016-12-23,14558.0
2016-12-24,11923.0
2016-12-25,11176.0
2016-12-26,12673.0
2016-12-27,13726.0
2016-12-28,14616.0
2016-12-29,16200.0
2016-12-30,16672.0
2016-12-31,10684.0
2017-01-01,9846.0
2017-01-02,23985.0
2017-01-03,25709.0
2017-01-04,22725.0
2017-01-05,26351.0
2017-01-06,22525.0
2017-01-07,17749.0
2017-01-08,16913.0
2017-01-09,18233.0
2017-01-10,16730.0
2017-01-11,18651.0
2017-01-12,18712.0
2017-01-13,17254.0
2017-01-14,15833.0
2017-01-15,12651.0
2017-01-16,14216.0
2017-01-17,16662.0
2017-01-18,15178.0
2017-01-19,14975.0
2017-01-20,12817.0
2017-01-21,10731.0
2017-01-22,11369.0
2017-01-23,14673.0
2017-01-24,13616.0
2017-01-25,12378.0
2017-01-26,12201.0
2017-01-27,12412.0
2017-01-28,12904.0
2017-01-29,11994.0
2017-01-30,14511.0
2017-01-31,13611.0
2017-02-01,13679.0
2017-02-02,13870.0
2017-02-03,13224.0
2017-02-04,11505.0
2017-02-05,12400.0
2017-02-06,13523.0
2017-02-07,13918.0
2017-02-08,13609.0
2017-02-09,14071.0
2017-02-10,12594.0
2017-02-11,10298.0
2017-02-12,11270.0
2017-02-13,12817.0
2017-02-14,12009.0
2017-02-15,12759.0
2017-02-16,13301.0
2017-02-17,14739.0
2017-02-18,13186.0
2017-02-19,11065.0
2017-02-20,12699.0
2017-02-21,14204.0
2017-02-22,13648.0
2017-02-23,14503.0
2017-02-24,16166.0
2017-02-25,18086.0
2017-02-26,17157.0
2017-02-27,15586.0
2017-02-28,16074.0
2017-03-01,17789.0
2017-03-02,19271.0
2017-03-03,40981.0
2017-03-04,26396.0
2017-03-05,18338.0
2017-03-06,20720.0
2017-03-07,17507.0
2017-03-08,16131.0
2017-03-09,16077.0
2017-03-10,19641.0
2017-03-11,16371.0
2017-03-12,14426.0
2017-03-13,16733.0
2017-03-14,19966.0
2017-03-15,17958.0
2017-03-16,17182.0
2017-03-17,16022.0
2017-03-18,18692.0
2017-03-19,19600.0
2017-03-20,23626.0
2017-03-21,21664.0
2017-03-22,20171.0
2017-03-23,20204.0
2017-03-24,18354.0
2017-03-25,16681.0
2017-03-26,18168.0
2017-03-27,18498.0
2017-03-28,16569.0
2017-03-29,14593.0
2017-03-30,14773.0
2017-03-31,14056.0
2017-04-01,12621.0
2017-04-02,12217.0
2017-04-03,15355.0
2017-04-04,17274.0
2017-04-05,14198.0
2017-04-06,13903.0
2017-04-07,13902.0
2017-04-08,11883.0
2017-04-09,11572.0
2017-04-10,13908.0
2017-04-11,17727.0
2017-04-12,14561.0
2017-04-13,14539.0
2017-04-14,12912.0
2017-04-15,10711.0
2017-04-16,11690.0
2017-04-17,19340.0
2017-04-18,24064.0
2017-04-19,16503.0
2017-04-20,15072.0
2017-04-21,14633.0
2017-04-22,11508.0
2017-04-23,12426.0
2017-04-24,16492.0
2017-04-25,17039.0
2017-04-26,15105.0
2017-04-27,15279.0
2017-04-28,14268.0
2017-04-29,11486.0
2017-04-30,16505.0
2017-05-01,14896.0
2017-05-02,17552.0
2017-05-03,17635.0
2017-05-04,19681.0
2017-05-05,17252.0
2017-05-06,18153.0
2017-05-07,18187.0
2017-05-08,20017.0
2017-05-09,24383.0
2017-05-10,24893.0
2017-05-11,25641.0
2017-05-12,40297.0
2017-05-13,48497.0
2017-05-14,43577.0
2017-05-15,92259.0
2017-05-16,89655.0
2017-05-17,60873.0
2017-05-18,46758.0
2017-05-19,39294.0
2017-05-20,34010.0
2017-05-21,32442.0
2017-05-22,72770.0
2017-05-23,79852.0
2017-05-24,70938.0
2017-05-25,74308.0
2017-05-26,62426.0
2017-05-27,42415.0
2017-05-28,33185.0
2017-05-29,36086.0
2017-05-30,35963.0
2017-05-31,34743.0
2017-06-01,32102.0
2017-06-02,28923.0
2017-06-03,26484.0
2017-06-04,24030.0
2017-06-05,29492.0
2017-06-06,36335.0
2017-06-07,34333.0
2017-06-08,28152.0
2017-06-09,26797.0
2017-06-10,23995.0
2017-06-11,27806.0
2017-06-12,36420.0
2017-06-13,33391.0
2017-06-14,29493.0
2017-06-15,29860.0
2017-06-16,28789.0
2017-06-17,23672.0
2017-06-18,23075.0
2017-06-19,25931.0
2017-06-20,29118.0
2017-06-21,33121.0
2017-06-22,31083.0
2017-06-23,26197.0
2017-06-24,24639.0
2017-06-25,22743.0
2017-06-26,26166.0
2017-06-27,36164.0
2017-06-28,46469.0
2017-06-29,35088.0
2017-06-30,26960.0
2017-07-01,23455.0
2017-07-02,25339.0
2017-07-03,26000.0
2017-07-04,25954.0
2017-07-05,27316.0
2017-07-06,28077.0
2017-07-07,24723.0
2017-07-08,21813.0
2017-07-09,22484.0
2017-07-10,26497.0
2017-07-11,28778.0
2017-07-12,27827.0
2017-07-13,28826.0
2017-07-14,25146.0
2017-07-15,20918.0
2017-07-16,21330.0
2017-07-17,25175.0
2017-07-18,29816.0
2017-07-19,31571.0
2017-07-20,33332.0
2017-07-21,27028.0
2017-07-22,23839.0
2017-07-23,29444.0
2017-07-24,29211.0
2017-07-25,27282.0
2017-07-26,27926.0
2017-07-27,28447.0
2017-07-28,24731.0
2017-07-29,22063.0
2017-07-30,35445.0
2017-07-31,25446.0
2017-08-01,54112.0
2017-08-02,78751.0
2017-08-03,32167.0
2017-08-04,25124.0
2017-08-05,27093.0
2017-08-06,27030.0
2017-08-07,35220.0
2017-08-08,42422.0
2017-08-09,37744.0
2017-08-10,35488.0
2017-08-11,32652.0
2017-08-12,30433.0
2017-08-13,39004.0
2017-08-14,53867.0
2017-08-15,49545.0
2017-08-16,42637.0
2017-08-17,39393.0
2017-08-18,39011.0
2017-08-19,35897.0
2017-08-20,37039.0
2017-08-21,38635.0
2017-08-22,42484.0
2017-08-23,40788.0
2017-08-24,38457.0
2017-08-25,36325.0
2017-08-26,32141.0
2017-08-27,29450.0
2017-08-28,33093.0
2017-08-29,36234.0
2017-08-30,38008.0
2017-08-31,41171.0
2017-09-01,38280.0
2017-09-02,34811.0
2017-09-03,34468.0
2017-09-04,40995.0
2017-09-05,40693.0
2017-09-06,40179.0
2017-09-07,40293.0
2017-09-08,33187.0
2017-09-09,29744.0
2017-09-10,29393.0
2017-09-11,32110.0
2017-09-12,37184.0
2017-09-13,51883.0
2017-09-14,47681.0
2017-09-15,46741.0
2017-09-16,36273.0
2017-09-17,34572.0
2017-09-18,40573.0
2017-09-19,39469.0
2017-09-20,35122.0
2017-09-21,31837.0
2017-09-22,29702.0
2017-09-23,23177.0
2017-09-24,24503.0
2017-09-25,27296.0
2017-09-26,27577.0
2017-09-27,29970.0
2017-09-28,27248.0
2017-09-29,25880.0
2017-09-30,22188.0
2017-10-01,24449.0
2017-10-02,26707.0
2017-10-03,27873.0
2017-10-04,29987.0
2017-10-05,28161.0
2017-10-06,25452.0
2017-10-07,23374.0
2017-10-08,24589.0
2017-10-09,29398.0
2017-10-10,30268.0
2017-10-11,33036.0
2017-10-12,46510.0
2017-10-13,54928.0
2017-10-14,41926.0
2017-10-15,38134.0
2017-10-16,42409.0
2017-10-17,38467.0
2017-10-18,35682.0
2017-10-19,35467.0
2017-10-20,40926.0
2017-10-21,45542.0
2017-10-22,41045.0
2017-10-23,47099.0
2017-10-24,44716.0
2017-10-25,41933.0
2017-10-26,39844.0
2017-10-27,37537.0
2017-10-28,31898.0
2017-10-29,34355.0
2017-10-30,43309.0
2017-10-31,48836.0
2017-11-01,56731.0
2017-11-02,75661.0
2017-11-03,65139.0
2017-11-04,50687.0
2017-11-05,48677.0
2017-11-06,52413.0
2017-11-07,52217.0
2017-11-08,55613.0
2017-11-09,55234.0
2017-11-10,54094.0
2017-11-11,44938.0
2017-11-12,45692.0
2017-11-13,55933.0
2017-11-14,53928.0
2017-11-15,47219.0
2017-11-16,50887.0
2017-11-17,63913.0
2017-11-18,49924.0
2017-11-19,45980.0
2017-11-20,59496.0
2017-11-21,63035.0
2017-11-22,54553.0
2017-11-23,48753.0
2017-11-24,47174.0
2017-11-25,45257.0
2017-11-26,67113.0
2017-11-27,125467.0
2017-11-28,146849.0
2017-11-29,264319.0
2017-11-30,214178.0
2017-12-01,169577.0
2017-12-02,113439.0
2017-12-03,109492.0
2017-12-04,163260.0
2017-12-05,161881.0
2017-12-06,180707.0
2017-12-07,333517.0
2017-12-08,347624.0
2017-12-09,215966.0
2017-12-10,192190.0
2017-12-11,244694.0
2017-12-12,232389.0
2017-12-13,203034.0
2017-12-14,166596.0
2017-12-15,130838.0
2017-12-16,118984.0
2017-12-17,126375.0
2017-12-18,139923.0
2017-12-19,158024.0
2017-12-20,166711.0
2017-12-21,144330.0
2017-12-22,167041.0
2017-12-23,147971.0
2017-12-24,111542.0
2017-12-25,117925.0
2017-12-26,128835.0
2017-12-27,100995.0
2017-12-28,94098.0
2017-12-29,93345.0
2017-12-30,84729.0
2017-12-31,68856.0
2018-01-01,66949.0
2018-01-02,90271.0
2018-01-03,99223.0
2018-01-04,88224.0
2018-01-05,81601.0
2018-01-06,81564.0
2018-01-07,80580.0
2018-01-08,89326.0
2018-01-09,93964.0
2018-01-10,101726.0
2018-01-11,90383.0
2018-01-12,78303.0
2018-01-13,70335.0
2018-01-14,60970.0
2018-01-15,65857.0
2018-01-16,76274.0
2018-01-17,91829.0
2018-01-18,72867.0
2018-01-19,62607.0
2018-01-20,53113.0
2018-01-21,49158.0
2018-01-22,55522.0
2018-01-23,50426.0
2018-01-24,52910.0
2018-01-25,55993.0
2018-01-26,47466.0
2018-01-27,41276.0
2018-01-28,41881.0
2018-01-29,43600.0
2018-01-30,42251.0
2018-01-31,46740.0
2018-02-01,50088.0
2018-02-02,55719.0
2018-02-03,47365.0
2018-02-04,45525.0
2018-02-05,59427.0
2018-02-06,62245.0
2018-02-07,45923.0
2018-02-08,43539.0
2018-02-09,43556.0
2018-02-10,36798.0
2018-02-11,37293.0
2018-02-12,45447.0
2018-02-13,40316.0
2018-02-14,36872.0
2018-02-15,38966.0
2018-02-16,32756.0
2018-02-17,29889.0
2018-02-18,28067.0
2018-02-19,28114.0
2018-02-20,40395.0
2018-02-21,26033.0
2018-02-22,26010.0
2018-02-23,21893.0
2018-02-24,19814.0
2018-02-25,27283.0
2018-02-26,26046.0
2018-02-27,29257.0
2018-02-28,24799.0
2018-03-01,21338.0
2018-03-02,30328.0
2018-03-03,18238.0
2018-03-04,19122.0
2018-03-05,21987.0
2018-03-06,32332.0
2018-03-07,26604.0
2018-03-08,18857.0
2018-03-09,19575.0
2018-03-10,17796.0
2018-03-11,21810.0
2018-03-12,22668.0
2018-03-13,21747.0
2018-03-14,20107.0
2018-03-15,20290.0
2018-03-16,18473.0
2018-03-17,15044.0
2018-03-18,17508.0
2018-03-19,29251.0
2018-03-20,22863.0
2018-03-21,26958.0
2018-03-22,32776.0
2018-03-23,27263.0
2018-03-24,15234.0
2018-03-25,13914.0
2018-03-26,26741.0
2018-03-27,20938.0
2018-03-28,25819.0
2018-03-29,18742.0
2018-03-30,19021.0
2018-03-31,13350.0
2018-04-01,14424.0
2018-04-02,19687.0
2018-04-03,18898.0
2018-04-04,21414.0
2018-04-05,22195.0
2018-04-06,19322.0
2018-04-07,18205.0
2018-04-08,18606.0
2018-04-09,15723.0
2018-04-10,19123.0
2018-04-11,15537.0
2018-04-12,17741.0
2018-04-13,16030.0
2018-04-14,12764.0
2018-04-15,12921.0
2018-04-16,16699.0
2018-04-17,18189.0
2018-04-18,17159.0
2018-04-19,16228.0
2018-04-20,15985.0
2018-04-21,16387.0
2018-04-22,21300.0
2018-04-23,28166.0
2018-04-24,22346.0
2018-04-25,19668.0
2018-04-26,20553.0
2018-04-27,15876.0
2018-04-28,11684.0
2018-04-29,11785.0
2018-04-30,14269.0
2018-05-01,14110.0
2018-05-02,14600.0
2018-05-03,13477.0
2018-05-04,14729.0
2018-05-05,12677.0
2018-05-06,13678.0
2018-05-07,17080.0
2018-05-08,19962.0
2018-05-09,16867.0
2018-05-10,17515.0
2018-05-11,15364.0
2018-05-12,13387.0
2018-05-13,13816.0
2018-05-14,14904.0
2018-05-15,15234.0
2018-05-16,14503.0
2018-05-17,15599.0
2018-05-18,19564.0
2018-05-19,15349.0
2018-05-20,15779.0
2018-05-21,21575.0
2018-05-22,14983.0
2018-05-23,16156.0
2018-05-24,14508.0
2018-05-25,13802.0
2018-05-26,11409.0
2018-05-27,23363.0
2018-05-28,13694.0
2018-05-29,13825.0
2018-05-30,13645.0
2018-05-31,20504.0
2018-06-01,11662.0
2018-06-02,9725.0
2018-06-03,16001.0
2018-06-04,19183.0
2018-06-05,25079.0
2018-06-06,36825.0
2018-06-07,31536.0
2018-06-08,25755.0
2018-06-09,21012.0
2018-06-10,22801.0
2018-06-11,25154.0
2018-06-12,20562.0
2018-06-13,19341.0
2018-06-14,15983.0
2018-06-15,13205.0
2018-06-16,11655.0
2018-06-17,17386.0
2018-06-18,17898.0
2018-06-19,15766.0
2018-06-20,25596.0
2018-06-21,15643.0
2018-06-22,13373.0
2018-06-23,11597.0
2018-06-24,17672.0
2018-06-25,17561.0
2018-06-26,17717.0
2018-06-27,17989.0
2018-06-28,19095.0
2018-06-29,14756.0
2018-06-30,14906.0
2018-07-01,15557.0
2018-07-02,16592.0
2018-07-03,13998.0
2018-07-04,13749.0
2018-07-05,17100.0
2018-07-06,12933.0
2018-07-07,8893.0
2018-07-08,9623.0
2018-07-09,11197.0
2018-07-10,16790.0
2018-07-11,12259.0
2018-07-12,11732.0
2018-07-13,13504.0
2018-07-14,12670.0
2018-07-15,12701.0
2018-07-16,13290.0
2018-07-17,12960.0
2018-07-18,14290.0
2018-07-19,14658.0
2018-07-20,13106.0
2018-07-21,12226.0
2018-07-22,11888.0
2018-07-23,14140.0
2018-07-24,13519.0
2018-07-25,15289.0
2018-07-26,13985.0
2018-07-27,14782.0
2018-07-28,13087.0
2018-07-29,16289.0
2018-07-30,13657.0
2018-07-31,14920.0
2018-08-01,14337.0
2018-08-02,16057.0
2018-08-03,15321.0
2018-08-04,11585.0
2018-08-05,11833.0
2018-08-06,16669.0
2018-08-07,17544.0
2018-08-08,12867.0
2018-08-09,11084.0
2018-08-10,13629.0
2018-08-11,11869.0
2018-08-12,12065.0
2018-08-13,14328.0
2018-08-14,14544.0
2018-08-15,15421.0
2018-08-16,14026.0
2018-08-17,13047.0
2018-08-18,13778.0
2018-08-19,14376.0
2018-08-20,13293.0
2018-08-21,13831.0
2018-08-22,14191.0
2018-08-23,13674.0
2018-08-24,14352.0
2018-08-25,13281.0
2018-08-26,12213.0
2018-08-27,15071.0
2018-08-28,13951.0
2018-08-29,14267.0
2018-08-30,15138.0
2018-08-31,13025.0
2018-09-01,11844.0
2018-09-02,13971.0
2018-09-03,15414.0
2018-09-04,14233.0
2018-09-05,14952.0
2018-09-06,15477.0
2018-09-07,13667.0
2018-09-08,12148.0
2018-09-09,13335.0
2018-09-10,15001.0
2018-09-11,11421.0
2018-09-12,11472.0
2018-09-13,12668.0
2018-09-14,12172.0
2018-09-15,11658.0
2018-09-16,12821.0
2018-09-17,18717.0
2018-09-18,15946.0
2018-09-19,13984.0
2018-09-20,13592.0
2018-09-21,13441.0
2018-09-22,12217.0
2018-09-23,14821.0
2018-09-24,16754.0
2018-09-25,14040.0
2018-09-26,12978.0
2018-09-27,11624.0
2018-09-28,11343.0
2018-09-29,10493.0
2018-09-30,10682.0
2018-10-01,10848.0
2018-10-02,11253.0
2018-10-03,10250.0
2018-10-04,9920.0
2018-10-05,9347.0
2018-10-06,8459.0
2018-10-07,8477.0
2018-10-08,11369.0
2018-10-09,13476.0
2018-10-10,10393.0
2018-10-11,9752.0
2018-10-12,9496.0
2018-10-13,8159.0
2018-10-14,9344.0
2018-10-15,10758.0
2018-10-16,10329.0
2018-10-17,9670.0
2018-10-18,10296.0
2018-10-19,12807.0
2018-10-20,12124.0
2018-10-21,15287.0
2018-10-22,11669.0
2018-10-23,10690.0
2018-10-24,11022.0
2018-10-25,10190.0
2018-10-26,9548.0
2018-10-27,9565.0
2018-10-28,8465.0
2018-10-29,11526.0
2018-10-30,12133.0
2018-10-31,13063.0
2018-11-01,13454.0
2018-11-02,14259.0
2018-11-03,13608.0
2018-11-04,11189.0
2018-11-05,12558.0
2018-11-06,12848.0
2018-11-07,11171.0
2018-11-08,17005.0
2018-11-09,15740.0
2018-11-10,11746.0
2018-11-11,14566.0
2018-11-12,13431.0
2018-11-13,12792.0
2018-11-14,12683.0
2018-11-15,12021.0
2018-11-16,10333.0
2018-11-17,10163.0
2018-11-18,10186.0
2018-11-19,13428.0
2018-11-20,14612.0
2018-11-21,13971.0
2018-11-22,11935.0
2018-11-23,11355.0
2018-11-24,10062.0
2018-11-25,11375.0
2018-11-26,13860.0
2018-11-27,15200.0
2018-11-28,12686.0
2018-11-29,12709.0
2018-11-30,14422.0
2018-12-01,10083.0
2018-12-02,10695.0
2018-12-03,12294.0
2018-12-04,13226.0
2018-12-05,12290.0
2018-12-06,11920.0
2018-12-07,12019.0
2018-12-08,10178.0
2018-12-09,10294.0
2018-12-10,11433.0
2018-12-11,11401.0
2018-12-12,11912.0
2018-12-13,13069.0
2018-12-14,13937.0
2018-12-15,9154.0
2018-12-16,9462.0
2018-12-17,12584.0
2018-12-18,12447.0
2018-12-19,10893.0
2018-12-20,12461.0
2018-12-21,12817.0
2018-12-22,10507.0
2018-12-23,9330.0
2018-12-24,9452.0
2018-12-25,9181.0
2018-12-26,10859.0
2018-12-27,11794.0
2018-12-28,11423.0
2018-12-29,11545.0
2018-12-30,9079.0
2018-12-31,9707.0
2019-01-01,9676.0
2019-01-02,11193.0
2019-01-03,20217.0
2019-01-04,12983.0
2019-01-05,11166.0
2019-01-06,10823.0
2019-01-07,11844.0
2019-01-08,11247.0
2019-01-09,11613.0
2019-01-10,11469.0
2019-01-11,11253.0
2019-01-12,9969.0
2019-01-13,10447.0
2019-01-14,10517.0
2019-01-15,8976.0
2019-01-16,8694.0
2019-01-17,8474.0
2019-01-18,9388.0
2019-01-19,7062.0
2019-01-20,6958.0
2019-01-21,8011.0
2019-01-22,8145.0
2019-01-23,8351.0
2019-01-24,9591.0
2019-01-25,8612.0
2019-01-26,8095.0
2019-01-27,8167.0
2019-01-28,8591.0
2019-01-29,8870.0
2019-01-30,9138.0
2019-01-31,8877.0
2019-02-01,9183.0
2019-02-02,8044.0
2019-02-03,7533.0
2019-02-04,9227.0
2019-02-05,14043.0
2019-02-06,11497.0
2019-02-07,10628.0
2019-02-08,9212.0
2019-02-09,8208.0
2019-02-10,7960.0
2019-02-11,9192.0
2019-02-12,9366.0
2019-02-13,9619.0
2019-02-14,8574.0
2019-02-15,8567.0
2019-02-16,8364.0
2019-02-17,10731.0
2019-02-18,9619.0
2019-02-19,10199.0
2019-02-20,10410.0
2019-02-21,10148.0
2019-02-22,9719.0
2019-02-23,8850.0
2019-02-24,9956.0
2019-02-25,10287.0
2019-02-26,10243.0
2019-02-27,9925.0
2019-02-28,15021.0
2019-03-01,10709.0
2019-03-02,8918.0
2019-03-03,8919.0
2019-03-04,9968.0
2019-03-05,10197.0
2019-03-06,10467.0
2019-03-07,9796.0
2019-03-08,8394.0
2019-03-09,7519.0
2019-03-10,7915.0
2019-03-11,8774.0
2019-03-12,12521.0
2019-03-13,8739.0
2019-03-14,8334.0
2019-03-15,7756.0
2019-03-16,6987.0
2019-03-17,7255.0
2019-03-18,8668.0
2019-03-19,8453.0
2019-03-20,8187.0
2019-03-21,7746.0
2019-03-22,7275.0
2019-03-23,6576.0
2019-03-24,6248.0
2019-03-25,6904.0
2019-03-26,7696.0
2019-03-27,7770.0
2019-03-28,7251.0
2019-03-29,6807.0
2019-03-30,6002.0
2019-03-31,6406.0
2019-04-01,7923.0
2019-04-02,12906.0
2019-04-03,14671.0
2019-04-04,10242.0
2019-04-05,8525.0
2019-04-06,7347.0
2019-04-07,7621.0
2019-04-08,9046.0
2019-04-09,9519.0
2019-04-10,10037.0
2019-04-11,8324.0
2019-04-12,7741.0
2019-04-13,6672.0
2019-04-14,6367.0
2019-04-15,8123.0
2019-04-16,7416.0
2019-04-17,7646.0
2019-04-18,7431.0
2019-04-19,7209.0
2019-04-20,7255.0
2019-04-21,7837.0
2019-04-22,7701.0
2019-04-23,7817.0
2019-04-24,8272.0
2019-04-25,7258.0
2019-04-26,7138.0
2019-04-27,6549.0
2019-04-28,6502.0
2019-04-29,8234.0
2019-04-30,8157.0
2019-05-01,7408.0
2019-05-02,7391.0
2019-05-03,8298.0
2019-05-04,7013.0
2019-05-05,6633.0
2019-05-06,7396.0
2019-05-07,7638.0
2019-05-08,8422.0
2019-05-09,9131.0
2019-05-10,7655.0
2019-05-11,7513.0
2019-05-12,7325.0
2019-05-13,8766.0
2019-05-14,10756.0
2019-05-15,9584.0
2019-05-16,9545.0
2019-05-17,9703.0
2019-05-18,11387.0
2019-05-19,14720.0
2019-05-20,15078.0
2019-05-21,11479.0
2019-05-22,12220.0
2019-05-23,11565.0
2019-05-24,10444.0
2019-05-25,9914.0
2019-05-26,11079.0
2019-05-27,12977.0
2019-05-28,13378.0
2019-05-29,13223.0
2019-05-30,12769.0
2019-05-31,11243.0
2019-06-01,9355.0
2019-06-02,6497.0
2019-06-03,7731.0
2019-06-04,7753.0
2019-06-05,7024.0
2019-06-06,7074.0
2019-06-07,7654.0
2019-06-08,6597.0
2019-06-09,6339.0
2019-06-10,7433.0
2019-06-11,8418.0
2019-06-12,7859.0
2019-06-13,8052.0
2019-06-14,9265.0
2019-06-15,6859.0
2019-06-16,8291.0
2019-06-17,9322.0
2019-06-18,11494.0
2019-06-19,10513.0
2019-06-20,9918.0
2019-06-21,9006.0
2019-06-22,10538.0
2019-06-23,10583.0
2019-06-24,11124.0
2019-06-25,11163.0
2019-06-26,16315.0
2019-06-27,18084.0
2019-06-28,19644.0
2019-06-29,8978.0
2019-06-30,10201.0
2019-07-01,11138.0
2019-07-02,11661.0
2019-07-03,13438.0
2019-07-04,9155.0
2019-07-05,8943.0
2019-07-06,7826.0
2019-07-07,8162.0
2019-07-08,10238.0
2019-07-09,11492.0
2019-07-10,13874.0
2019-07-11,10908.0
2019-07-12,12683.0
2019-07-13,8949.0
2019-07-14,8588.0
2019-07-15,9850.0
2019-07-16,9965.0
2019-07-17,9947.0
2019-07-18,10132.0
2019-07-19,10284.0
2019-07-20,8240.0
2019-07-21,8196.0
2019-07-22,8745.0
2019-07-23,8321.0
2019-07-24,8223.0
2019-07-25,8155.0
2019-07-26,7623.0
2019-07-27,7953.0
2019-07-28,7119.0
2019-07-29,9050.0
2019-07-30,9691.0
2019-07-31,11906.0
2019-08-01,8508.0
2019-08-02,7968.0
2019-08-03,9466.0
2019-08-04,6410.0
2019-08-05,8748.0
2019-08-06,9727.0
2019-08-07,9692.0
2019-08-08,9601.0
2019-08-09,8503.0
2019-08-10,7757.0
2019-08-11,7869.0
2019-08-12,7933.0
2019-08-13,8357.0
2019-08-14,9438.0
2019-08-15,8980.0
2019-08-16,8300.0
2019-08-17,8097.0
2019-08-18,9134.0
2019-08-19,9348.0
2019-08-20,8536.0
2019-08-21,8136.0
2019-08-22,7563.0
2019-08-23,8273.0
2019-08-24,5862.0
2019-08-25,6531.0
2019-08-26,8038.0
2019-08-27,9235.0
2019-08-28,10145.0
2019-08-29,7857.0
2019-08-30,6776.0
2019-08-31,7014.0
2019-09-01,6671.0
2019-09-02,7264.0
2019-09-03,7550.0
2019-09-04,7677.0
2019-09-05,7530.0
2019-09-06,6277.0
2019-09-07,6071.0
2019-09-08,6738.0
2019-09-09,7487.0
2019-09-10,7913.0
2019-09-11,8081.0
2019-09-12,7432.0
2019-09-13,10836.0
2019-09-14,8077.0
2019-09-15,6781.0
2019-09-16,8014.0
2019-09-17,8180.0
2019-09-18,8490.0
2019-09-19,8665.0
2019-09-20,8599.0
2019-09-21,6759.0
2019-09-22,8513.0
2019-09-23,8914.0
2019-09-24,11013.0
2019-09-25,23376.0
2019-09-26,9005.0
2019-09-27,8280.0
2019-09-28,6377.0
2019-09-29,6266.0
2019-09-30,7196.0
2019-10-01,7453.0
2019-10-02,7937.0
2019-10-03,7961.0
2019-10-04,7372.0
2019-10-05,7186.0
2019-10-06,6779.0
2019-10-07,8177.0
2019-10-08,7463.0
2019-10-09,6983.0
2019-10-10,6958.0
2019-10-11,7344.0
2019-10-12,7142.0
2019-10-13,7127.0
2019-10-14,9569.0
2019-10-15,8124.0
2019-10-16,8462.0
2019-10-17,9729.0
2019-10-18,8385.0
2019-10-19,7198.0
2019-10-20,7117.0
2019-10-21,7462.0
2019-10-22,7527.0
2019-10-23,8352.0
2019-10-24,8206.0
2019-10-25,7036.0
2019-10-26,7848.0
2019-10-27,7402.0
2019-10-28,8355.0
2019-10-29,8884.0
2019-10-30,8848.0
2019-10-31,19983.0
2019-11-01,8539.0
2019-11-02,8788.0
2019-11-03,7062.0
2019-11-04,8765.0
2019-11-05,9747.0
2019-11-06,11635.0
2019-11-07,9253.0
2019-11-08,9213.0
2019-11-09,6855.0
2019-11-10,7263.0
2019-11-11,8988.0
2019-11-12,9315.0
2019-11-13,9331.0
2019-11-14,8279.0
2019-11-15,7719.0
2019-11-16,6417.0
2019-11-17,6773.0
2019-11-18,7553.0
2019-11-19,8594.0
2019-11-20,7722.0
2019-11-21,7402.0
2019-11-22,7155.0
2019-11-23,5990.0
2019-11-24,8398.0
2019-11-25,8941.0
2019-11-26,7814.0
2019-11-27,8072.0
2019-11-28,7978.0
2019-11-29,11603.0
2019-11-30,7643.0
2019-12-01,7253.0
2019-12-02,7404.0
2019-12-03,7635.0
2019-12-04,9125.0
2019-12-05,8487.0
2019-12-06,8289.0
2019-12-07,7020.0
2019-12-08,7182.0
2019-12-09,6620.0
2019-12-10,8299.0
2019-12-11,8885.0
2019-12-12,8514.0
2019-12-13,8599.0
2019-12-14,6166.0
2019-12-15,6070.0
2019-12-16,8344.0
2019-12-17,8492.0
2019-12-18,10107.0
2019-12-19,9071.0
2019-12-20,10616.0
2019-12-21,4843.0
2019-12-22,6510.0
2019-12-23,6664.0
2019-12-24,11748.0
2019-12-25,13841.0
2019-12-26,10193.0
2019-12-27,7906.0
2019-12-28,6653.0
2019-12-29,6290.0
2019-12-30,9696.0
2019-12-31,11495.0
2020-01-01,12716.0
2020-01-02,12265.0
2020-01-03,15018.0
2020-01-04,8099.0
2020-01-05,6024.0
2020-01-06,8450.0
2020-01-07,15005.0
2020-01-08,14892.0
2020-01-09,16008.0
2020-01-10,12923.0
2020-01-11,7131.0
2020-01-12,15858.0
2020-01-13,16539.0
2020-01-14,17602.0
2020-01-15,16450.0
2020-01-16,7114.0
2020-01-17,6076.0
2020-01-18,7405.0
2020-01-19,5926.0
2020-01-20,6055.0
2020-01-21,6343.0
2020-01-22,6807.0
2020-01-23,6236.0
2020-01-24,5847.0
2020-01-25,5058.0
2020-01-26,4781.0
2020-01-27,5561.0
2020-01-28,6187.0
2020-01-29,5904.0
2020-01-30,6149.0
2020-01-31,5802.0
2020-02-01,4979.0
2020-02-02,5268.0
2020-02-03,5324.0
2020-02-04,5800.0
2020-02-05,6282.0
2020-02-06,6024.0
2020-02-07,6100.0
2020-02-08,6136.0
2020-02-09,6815.0
2020-02-10,6760.0
2020-02-11,7850.0
2020-02-12,7157.0
2020-02-13,7236.0
2020-02-14,5676.0
2020-02-15,5526.0
2020-02-16,5675.0
2020-02-17,6425.0
2020-02-18,6467.0
2020-02-19,14975.0
2020-02-20,8107.0
2020-02-21,8065.0
2020-02-22,6544.0
2020-02-23,6111.0
2020-02-24,7149.0
2020-02-25,6576.0
2020-02-26,6459.0
2020-02-27,6707.0
2020-02-28,6434.0
2020-02-29,5348.0
2020-03-01,6902.0
2020-03-02,6572.0
2020-03-03,7543.0
2020-03-04,7554.0
2020-03-05,7666.0
2020-03-06,6754.0
2020-03-07,5541.0
2020-03-08,5332.0
2020-03-09,7397.0
2020-03-10,7188.0
2020-03-11,6614.0
2020-03-12,8281.0
2020-03-13,9562.0
2020-03-14,6505.0
2020-03-15,6228.0
2020-03-16,7018.0
2020-03-17,6889.0
2020-03-18,6672.0
2020-03-19,6983.0
2020-03-20,6418.0
2020-03-21,5856.0
2020-03-22,5781.0
2020-03-23,5902.0
2020-03-24,6507.0
2020-03-25,6777.0
2020-03-26,6493.0
2020-03-27,6331.0
2020-03-28,5868.0
2020-03-29,5861.0
2020-03-30,6489.0
2020-03-31,6428.0
2020-04-01,8179.0
2020-04-02,7492.0
2020-04-03,8155.0
2020-04-04,7223.0
2020-04-05,6686.0
2020-04-06,6912.0
2020-04-07,7291.0
2020-04-08,7040.0
2020-04-09,6963.0
2020-04-10,7025.0
2020-04-11,7014.0
2020-04-12,6944.0
2020-04-13,7919.0
2020-04-14,7586.0
2020-04-15,7349.0
2020-04-16,7570.0
2020-04-17,8304.0
2020-04-18,7660.0
2020-04-19,7748.0
2020-04-20,7923.0
2020-04-21,8177.0
2020-04-22,7908.0
2020-04-23,8377.0
2020-04-24,7954.0
2020-04-25,7881.0
2020-04-26,8763.0
2020-04-27,9113.0
2020-04-28,8978.0
2020-04-29,9876.0
2020-04-30,11380.0
2020-05-01,9218.0
2020-05-02,9155.0
2020-05-03,8902.0
2020-05-04,9190.0
2020-05-05,9652.0
2020-05-06,10397.0
2020-05-07,9622.0
2020-05-08,11682.0
2020-05-09,8841.0
2020-05-10,9887.0
2020-05-11,12137.0
2020-05-12,17241.0
2020-05-13,9328.0
2020-05-14,9072.0
2020-05-15,8980.0
2020-05-16,8432.0
2020-05-17,8609.0
2020-05-18,9317.0
2020-05-19,8274.0
2020-05-20,8888.0
2020-05-21,8568.0
2020-05-22,7566.0
2020-05-23,7046.0
2020-05-24,6879.0
2020-05-25,7548.0
2020-05-26,8218.0
2020-05-27,7377.0
2020-05-28,6751.0
2020-05-29,7536.0
2020-05-30,6458.0
2020-05-31,6123.0
2020-06-01,6294.0
2020-06-02,7213.0
2020-06-03,6680.0
2020-06-04,6721.0
2020-06-05,6924.0
2020-06-06,5989.0
2020-06-07,6859.0
2020-06-08,7108.0
2020-06-09,6859.0
2020-06-10,7010.0
2020-06-11,6831.0
2020-06-12,6579.0
2020-06-13,5793.0
2020-06-14,5857.0
2020-06-15,6219.0
2020-06-16,5829.0
2020-06-17,6120.0
2020-06-18,6340.0
2020-06-19,5849.0
2020-06-20,5842.0
2020-06-21,5773.0
2020-06-22,6467.0
2020-06-23,6693.0
2020-06-24,5974.0
2020-06-25,5841.0
2020-06-26,6051.0
2020-06-27,5447.0
2020-06-28,5774.0
2020-06-29,5786.0
2020-06-30,6301.0
2020-07-01,6932.0
2020-07-02,5969.0
2020-07-03,5866.0
2020-07-04,5377.0
2020-07-05,5292.0
2020-07-06,5978.0
2020-07-07,6579.0
2020-07-08,6785.0
2020-07-09,6907.0
2020-07-10,6304.0
2020-07-11,5994.0
2020-07-12,7269.0
2020-07-13,8150.0
2020-07-14,10336.0
2020-07-15,12225.0
2020-07-16,16964.0
2020-07-17,17078.0
2020-07-18,13425.0
2020-07-19,13702.0
2020-07-20,13855.0
2020-07-21,14370.0
2020-07-22,19095.0
2020-07-23,22765.0
2020-07-24,11893.0
2020-07-25,13391.0
2020-07-26,13741.0
2020-07-27,17750.0
2020-07-28,18046.0
2020-07-29,14763.0
2020-07-30,26990.0
2020-07-31,12600.0
2020-08-01,13248.0
2020-08-02,13353.0
2020-08-03,13660.0
2020-08-04,15395.0
2020-08-05,28791.0
2020-08-06,12592.0
2020-08-07,11651.0
2020-08-08,11690.0
2020-08-09,11631.0
2020-08-10,14518.0
2020-08-11,19020.0
2020-08-12,7876.0
2020-08-13,10887.0
2020-08-14,9255.0
2020-08-15,11138.0
2020-08-16,25458.0
2020-08-17,17640.0
2020-08-18,8281.0
2020-08-19,8295.0
2020-08-20,9695.0
2020-08-21,15514.0
2020-08-22,7763.0
2020-08-23,14765.0
2020-08-24,8083.0
2020-08-25,11592.0
2020-08-26,8517.0
2020-08-27,16138.0
2020-08-28,8093.0
2020-08-29,6712.0
2020-08-30,6355.0
2020-08-31,14344.0
2020-09-01,7559.0
2020-09-02,8578.0
2020-09-03,8456.0
2020-09-04,7569.0
2020-09-05,6546.0
2020-09-06,13428.0
2020-09-07,9377.0
2020-09-08,13005.0
2020-09-09,9108.0
2020-09-10,11849.0
2020-09-11,17333.0
2020-09-12,10528.0
2020-09-13,11313.0
2020-09-14,11619.0
2020-09-15,12835.0
2020-09-16,10430.0
2020-09-17,7969.0
2020-09-18,9750.0
2020-09-19,9085.0
2020-09-20,9280.0
2020-09-21,7271.0
2020-09-22,6860.0
2020-09-23,11125.0
2020-09-24,6561.0
2020-09-25,7189.0
2020-09-26,7026.0
2020-09-27,6598.0
2020-09-28,11676.0
2020-09-29,8401.0
2020-09-30,8170.0
2020-10-01,9502.0
2020-10-02,5670.0
2020-10-03,6717.0
2020-10-04,5612.0
2020-10-05,7821.0
2020-10-06,7376.0
2020-10-07,7584.0
2020-10-08,7652.0
2020-10-09,7932.0
2020-10-10,10673.0
2020-10-11,8588.0
2020-10-12,10884.0
2020-10-13,10722.0
2020-10-14,7511.0
2020-10-15,10117.0
2020-10-16,9261.0
2020-10-17,28224.0
2020-10-18,6860.0
2020-10-19,10637.0
2020-10-20,11878.0
2020-10-21,10608.0
2020-10-22,11252.0
2020-10-23,13494.0
2020-10-24,19937.0
2020-10-25,8772.0
2020-10-26,9594.0
2020-10-27,8752.0
2020-10-28,8566.0
2020-10-29,7285.0
2020-10-30,10028.0
2020-10-31,9982.0
2020-11-01,8993.0
2020-11-02,9019.0
2020-11-03,9501.0
2020-11-04,8224.0
2020-11-05,10395.0
2020-11-06,11423.0
2020-11-07,9263.0
2020-11-08,7229.0
2020-11-09,9298.0
2020-11-10,8692.0
2020-11-11,9380.0
2020-11-12,10044.0
2020-11-13,10926.0
2020-11-14,9428.0
2020-11-15,9276.0
2020-11-16,10425.0
2020-11-17,17191.0
2020-11-18,19164.0
2020-11-19,17667.0
2020-11-20,18066.0
2020-11-21,18333.0
2020-11-22,17692.0
2020-11-23,19127.0
2020-11-24,14116.0
2020-11-25,12449.0
2020-11-26,13510.0
2020-11-27,12069.0
2020-11-28,9834.0
2020-11-29,9760.0
2020-11-30,14326.0
2020-12-01,15703.0
2020-12-02,12413.0
2020-12-03,12568.0
2020-12-04,11886.0
2020-12-05,10797.0
2020-12-06,10989.0
2020-12-07,11279.0
2020-12-08,10711.0
2020-12-09,10818.0
2020-12-10,12504.0
2020-12-11,17353.0
2020-12-12,12187.0
2020-12-13,11480.0
2020-12-14,9489.0
2020-12-15,9097.0
2020-12-16,18098.0
2020-12-17,30659.0
2020-12-18,21784.0
2020-12-19,15795.0
2020-12-20,15790.0
2020-12-21,19601.0
2020-12-22,18812.0
2020-12-23,13206.0
2020-12-24,10785.0
2020-12-25,10212.0
2020-12-26,14878.0
2020-12-27,20470.0
2020-12-28,20215.0
2020-12-29,19226.0
2020-12-30,20765.0
2020-12-31,17291.0
2021-01-01,14769.0
2021-01-02,31342.0
2021-01-03,45570.0
2021-01-04,35715.0
2021-01-05,31211.0
2021-01-06,31277.0
2021-01-07,38824.0
2021-01-08,41323.0
2021-01-09,32684.0
2021-01-10,30354.0
2021-01-11,39161.0
2021-01-12,35561.0
2021-01-13,36200.0
2021-01-14,39336.0
2021-01-15,34543.0
2021-01-16,29937.0
2021-01-17,26937.0
2021-01-18,22886.0
2021-01-19,22511.0
2021-01-20,18511.0
2021-01-21,20415.0
2021-01-22,23452.0
2021-01-23,18124.0
2021-01-24,16868.0
2021-01-25,18589.0
2021-01-26,16840.0
2021-01-27,17658.0
2021-01-28,21374.0
2021-01-29,37777.0
2021-01-30,28302.0
2021-01-31,23922.0
2021-02-01,22522.0
2021-02-02,21140.0
2021-02-03,21409.0
2021-02-04,22911.0
2021-02-05,20365.0
2021-02-06,21211.0
2021-02-07,21301.0
2021-02-08,52147.0
2021-02-09,63691.0
2021-02-10,44938.0
2021-02-11,40053.0
2021-02-12,35509.0
2021-02-13,30374.0
2021-02-14,29969.0
2021-02-15,32253.0
2021-02-16,39196.0
2021-02-17,39615.0
2021-02-18,34127.0
2021-02-19,37709.0
2021-02-20,42413.0
2021-02-21,37726.0
2021-02-22,38688.0
2021-02-23,39086.0
2021-02-24,34430.0
2021-02-25,29078.0
2021-02-26,28172.0
2021-02-27,26804.0
2021-02-28,26728.0
2021-03-01,26209.0
2021-03-02,23099.0
2021-03-03,21178.0
2021-03-04,20273.0
2021-03-05,23968.0
2021-03-06,20644.0
2021-03-07,19495.0
2021-03-08,20180.0
2021-03-09,22159.0
2021-03-10,21564.0
2021-03-11,20134.0
2021-03-12,20523.0
2021-03-13,23537.0
2021-03-14,28552.0
2021-03-15,25319.0
2021-03-16,22490.0
2021-03-17,20265.0
2021-03-18,20216.0
2021-03-19,18465.0
2021-03-20,15983.0
2021-03-21,15402.0
2021-03-22,16910.0
2021-03-23,17107.0
2021-03-24,23756.0
2021-03-25,20848.0
2021-03-26,17157.0
2021-03-27,19446.0
2021-03-28,22469.0
2021-03-29,22410.0
2021-03-30,20677.0
2021-03-31,18699.0
2021-04-01,25512.0
2021-04-02,18312.0
2021-04-03,16802.0
2021-04-04,15150.0
2021-04-05,17115.0
2021-04-06,18490.0
2021-04-07,17523.0
2021-04-08,18200.0
2021-04-09,16809.0
2021-04-10,16747.0
2021-04-11,17795.0
2021-04-12,17856.0
2021-04-13,21536.0
2021-04-14,26606.0
2021-04-15,25913.0
2021-04-16,28555.0
2021-04-17,23061.0
2021-04-18,25699.0
2021-04-19,26883.0
2021-04-20,22715.0
2021-04-21,20134.0
2021-04-22,21972.0
2021-04-23,23793.0
2021-04-24,19143.0
2021-04-25,17602.0
2021-04-26,21080.0
2021-04-27,26810.0
2021-04-28,35977.0
2021-04-29,24749.0
2021-04-30,23919.0
2021-05-01,19479.0
2021-05-02,21091.0
2021-05-03,23562.0
2021-05-04,23263.0
2021-05-05,25216.0
2021-05-06,26150.0
2021-05-07,25336.0
2021-05-08,26560.0
2021-05-09,29371.0
2021-05-10,30031.0
2021-05-11,26221.0
2021-05-12,26433.0
2021-05-13,65747.0
2021-05-14,41881.0
2021-05-15,31574.0
2021-05-16,30452.0
2021-05-17,33905.0
2021-05-18,28420.0
2021-05-19,49417.0
2021-05-20,46983.0
2021-05-21,38338.0
2021-05-22,39086.0
2021-05-23,37121.0
2021-05-24,35684.0
2021-05-25,44389.0
2021-05-26,31411.0
2021-05-27,24677.0
2021-05-28,27965.0
2021-05-29,33564.0
2021-05-30,26695.0
2021-05-31,20416.0
2021-06-01,16753.0
2021-06-02,16987.0
2021-06-03,17970.0
2021-06-04,22407.0
2021-06-05,20861.0
2021-06-06,21584.0
2021-06-07,22096.0
2021-06-08,32478.0
2021-06-09,31028.0
2021-06-10,33310.0
2021-06-11,26814.0
2021-06-12,22460.0
2021-06-13,23369.0
2021-06-14,24607.0
2021-06-15,22930.0
2021-06-16,21381.0
2021-06-17,18866.0
2021-06-18,18044.0
2021-06-19,15534.0
2021-06-20,15696.0
2021-06-21,19225.0
2021-06-22,21093.0
2021-06-23,17439.0
2021-06-24,16491.0
2021-06-25,15563.0
2021-06-26,13971.0
2021-06-27,14065.0
2021-06-28,14025.0
2021-06-29,13393.0
2021-06-30,13985.0
2021-07-01,17427.0
2021-07-02,14570.0
2021-07-03,12428.0
2021-07-04,12984.0
2021-07-05,12792.0
2021-07-06,13659.0
2021-07-07,11663.0
2021-07-08,12031.0
2021-07-09,13122.0
2021-07-10,13137.0
2021-07-11,15438.0
2021-07-12,15111.0
2021-07-13,16207.0
2021-07-14,13882.0
2021-07-15,12224.0
2021-07-16,11291.0
2021-07-17,10517.0
2021-07-18,11145.0
2021-07-19,11809.0
2021-07-20,13761.0
2021-07-21,12930.0
2021-07-22,12792.0
2021-07-23,12208.0
2021-07-24,11339.0
2021-07-25,12351.0
2021-07-26,15980.0
2021-07-27,13678.0
2021-07-28,13036.0
2021-07-29,15261.0
2021-07-30,18105.0
2021-07-31,14330.0
2021-08-01,14443.0
2021-08-02,16771.0
2021-08-03,19237.0
2021-08-04,14674.0
2021-08-05,12729.0
2021-08-06,10408.0
2021-08-07,11316.0
2021-08-08,10837.0
2021-08-09,12839.0
2021-08-10,13443.0
2021-08-11,13875.0
2021-08-12,14250.0
2021-08-13,13938.0
2021-08-14,13242.0
2021-08-15,12934.0
2021-08-16,16075.0
2021-08-17,15106.0
2021-08-18,13752.0
2021-08-19,15224.0
2021-08-20,13048.0
2021-08-21,12848.0
2021-08-22,13005.0
2021-08-23,15560.0
2021-08-24,15378.0
2021-08-25,15017.0
2021-08-26,13223.0
2021-08-27,12868.0
2021-08-28,11938.0
2021-08-29,12228.0
2021-08-30,12294.0
2021-08-31,12656.0
2021-09-01,12065.0
2021-09-02,13739.0
2021-09-03,14697.0
2021-09-04,13363.0
2021-09-05,14940.0
2021-09-06,16084.0
2021-09-07,23764.0
2021-09-08,22892.0
2021-09-09,22085.0
2021-09-10,17751.0
2021-09-11,14135.0
2021-09-12,16057.0
2021-09-13,15776.0
2021-09-14,15838.0
2021-09-15,16455.0
2021-09-16,17118.0
2021-09-17,17401.0
2021-09-18,18881.0
2021-09-19,18110.0
2021-09-20,19861.0
2021-09-21,23228.0
2021-09-22,19641.0
2021-09-23,24334.0
2021-09-24,43701.0
2021-09-25,42395.0
2021-09-26,43800.0
2021-09-27,38900.0
2021-09-28,44167.0
2021-09-29,25438.0
2021-09-30,21889.0
2021-10-01,22231.0
2021-10-02,23007.0
2021-10-03,24714.0
2021-10-04,25439.0
2021-10-05,27308.0
2021-10-06,28876.0
2021-10-07,26305.0
2021-10-08,26075.0
2021-10-09,24629.0
2021-10-10,25838.0
2021-10-11,26703.0
2021-10-12,27566.0
2021-10-13,29019.0
2021-10-14,25417.0
2021-10-15,27769.0
2021-10-16,27268.0
2021-10-17,26408.0
2021-10-18,27673.0
2021-10-19,26630.0
2021-10-20,30715.0
2021-10-21,28909.0
2021-10-22,26302.0
2021-10-23,26321.0
2021-10-24,29205.0
2021-10-25,27091.0
2021-10-26,29313.0
2021-10-27,29074.0
2021-10-28,32574.0
2021-10-29,30540.0
2021-10-30,30346.0
2021-10-31,26461.0
2021-11-01,27590.0
2021-11-02,33293.0
2021-11-03,26595.0
2021-11-04,24386.0
2021-11-05,24447.0
2021-11-06,24262.0
2021-11-07,24163.0
2021-11-08,27052.0
2021-11-09,30745.0
2021-11-10,29603.0
2021-11-11,29289.0
2021-11-12,27681.0
2021-11-13,26783.0
2021-11-14,27227.0
2021-11-15,30631.0
2021-11-16,28009.0
2021-11-17,30722.0
2021-11-18,30353.0
2021-11-19,27860.0
2021-11-20,25552.0
2021-11-21,25417.0
2021-11-22,28828.0
2021-11-23,37286.0
2021-11-24,32230.0
2021-11-25,25993.0
2021-11-26,25674.0
2021-11-27,25639.0
2021-11-28,22915.0
2021-11-29,25530.0
2021-11-30,27251.0
2021-12-01,24120.0
2021-12-02,24951.0
2021-12-03,24913.0
2021-12-04,28261.0
2021-12-05,25856.0
2021-12-06,27010.0
2021-12-07,28148.0
2021-12-08,26505.0
2021-12-09,24600.0
2021-12-10,29685.0
2021-12-11,22242.0
2021-12-12,24064.0
2021-12-13,23760.0
2021-12-14,24191.0
2021-12-15,23291.0
2021-12-16,21724.0
2021-12-17,21940.0
2021-12-18,20947.0
2021-12-19,20356.0
2021-12-20,25005.0
2021-12-21,21023.0
2021-12-22,20965.0
2021-12-23,20097.0
2021-12-24,19885.0
2021-12-25,19280.0
2021-12-26,20379.0
2021-12-27,21195.0
2021-12-28,21184.0
2021-12-29,21701.0
2021-12-30,21581.0
2021-12-31,19393.0
2022-01-01,19705.0
2022-01-02,20885.0
2022-01-03,23850.0
2022-01-04,23489.0
2022-01-05,22208.0
2022-01-06,21173.0
2022-01-07,21463.0
2022-01-08,19724.0
2022-01-09,19372.0
2022-01-10,23410.0
2022-01-11,32355.0
2022-01-12,83841.0
2022-01-13,56994.0
2022-01-14,22446.0
2022-01-15,21377.0
2022-01-16,21075.0
2022-01-17,22355.0
2022-01-18,27983.0
2022-01-19,21517.0
2022-01-20,34368.0
2022-01-21,27597.0
2022-01-22,31228.0
2022-01-23,25492.0
2022-01-24,28250.0
2022-01-25,29392.0
2022-01-26,36052.0
2022-01-27,30539.0
2022-01-28,26570.0
2022-01-29,31244.0
2022-01-30,31968.0
2022-01-31,33453.0
2022-02-01,31390.0
2022-02-02,31548.0
2022-02-03,31323.0
2022-02-04,25254.0
2022-02-05,23970.0
2022-02-06,24976.0
2022-02-07,26262.0
2022-02-08,23951.0
2022-02-09,25329.0
2022-02-10,25139.0
2022-02-11,20885.0
2022-02-12,12330.0
2022-02-13,13194.0
2022-02-14,13251.0
2022-02-15,13227.0
2022-02-16,12503.0
2022-02-17,13870.0
2022-02-18,13012.0
2022-02-19,15225.0
2022-02-20,20741.0
2022-02-21,23240.0
2022-02-22,25991.0
2022-02-23,23238.0
2022-02-24,29020.0
2022-02-25,25290.0
2022-02-26,22747.0
2022-02-27,22626.0
2022-02-28,22996.0
2022-03-01,23471.0
2022-03-02,22176.0
2022-03-03,21264.0
2022-03-04,20543.0
2022-03-05,18591.0
2022-03-06,18473.0
2022-03-07,19793.0
2022-03-08,20466.0
2022-03-09,22603.0
2022-03-10,21693.0
2022-03-11,20667.0
2022-03-12,18715.0
2022-03-13,18290.0
2022-03-14,19991.0
2022-03-15,20172.0
2022-03-16,19155.0
2022-03-17,18953.0
2022-03-18,19830.0
2022-03-19,18172.0
2022-03-20,19635.0
2022-03-21,19577.0
2022-03-22,19813.0
2022-03-23,20561.0
2022-03-24,19531.0
2022-03-25,20150.0
2022-03-26,18592.0
2022-03-27,20379.0
2022-03-28,21887.0
2022-03-29,21758.0
2022-03-30,21933.0
2022-03-31,22194.0
2022-04-01,21989.0
2022-04-02,20706.0
2022-04-03,18146.0
2022-04-04,18169.0
2022-04-05,18251.0
2022-04-06,17433.0
2022-04-07,17575.0
2022-04-08,18695.0
2022-04-09,16923.0
2022-04-10,16304.0
2022-04-11,18842.0
2022-04-12,16846.0
2022-04-13,16805.0
2022-04-14,16900.0
2022-04-15,20051.0
2022-04-16,23237.0
2022-04-17,15020.0
2022-04-18,15437.0
2022-04-19,16165.0
2022-04-20,17020.0
2022-04-21,15634.0
2022-04-22,16568.0
2022-04-23,23068.0
2022-04-24,20063.0
2022-04-25,17889.0
2022-04-26,16932.0
2022-04-27,17217.0
2022-04-28,18239.0
2022-04-29,16102.0
2022-04-30,14274.0
2022-05-01,14320.0
2022-05-02,15224.0
2022-05-03,15839.0
2022-05-04,16714.0
2022-05-05,15725.0
2022-05-06,16132.0
2022-05-07,15104.0
2022-05-08,14624.0
2022-05-09,18852.0
2022-05-10,21178.0
2022-05-11,20623.0
2022-05-12,25354.0
2022-05-13,22552.0
2022-05-14,18404.0
2022-05-15,17256.0
2022-05-16,18402.0
2022-05-17,17411.0
2022-05-18,16748.0
2022-05-19,19191.0
2022-05-20,18615.0
2022-05-21,15934.0
2022-05-22,15002.0
2022-05-23,15019.0
2022-05-24,14348.0
2022-05-25,14425.0
2022-05-26,13804.0
2022-05-27,14610.0
2022-05-28,13822.0
2022-05-29,13787.0
2022-05-30,16690.0
2022-05-31,15278.0
2022-06-01,13758.0
2022-06-02,13154.0
2022-06-03,12350.0
2022-06-04,12069.0
2022-06-05,11973.0
2022-06-06,13105.0
2022-06-07,12548.0
2022-06-08,12099.0
2022-06-09,11627.0
2022-06-10,11222.0
2022-06-11,11188.0
2022-06-12,11926.0
2022-06-13,19316.0
2022-06-14,19840.0
2022-06-15,19322.0
2022-06-16,17433.0
2022-06-17,15292.0
2022-06-18,19472.0
2022-06-19,19607.0
2022-06-20,17442.0
2022-06-21,15754.0
2022-06-22,14458.0
2022-06-23,13054.0
2022-06-24,12602.0
2022-06-25,11762.0
2022-06-26,11043.0
2022-06-27,13066.0
2022-06-28,11818.0
2022-06-29,14324.0
2022-06-30,23982.0
2022-07-01,19184.0
2022-07-02,14164.0
2022-07-03,9361.0
2022-07-04,10867.0
2022-07-05,10858.0
2022-07-06,11127.0
2022-07-07,10219.0
2022-07-08,9321.0
2022-07-09,7934.0
2022-07-10,8029.0
2022-07-11,10219.0
2022-07-12,10787.0
2022-07-13,10070.0
2022-07-14,9919.0
2022-07-15,9310.0
2022-07-16,8519.0
2022-07-17,8250.0
2022-07-18,9210.0
2022-07-19,9311.0
2022-07-20,9314.0
2022-07-21,11447.0
2022-07-22,9472.0
2022-07-23,8413.0
2022-07-24,8499.0
2022-07-25,9183.0
2022-07-26,9484.0
2022-07-27,10097.0
2022-07-28,9692.0
2022-07-29,10793.0
2022-07-30,8953.0
2022-07-31,9973.0
2022-08-01,8607.0
2022-08-02,10222.0
2022-08-03,10520.0
2022-08-04,9939.0
2022-08-05,9597.0
2022-08-06,8713.0
2022-08-07,8691.0
2022-08-08,9372.0
2022-08-09,9428.0
2022-08-10,9065.0
2022-08-11,9276.0
2022-08-12,8898.0
2022-08-13,8025.0
2022-08-14,9142.0
2022-08-15,9777.0
2022-08-16,9999.0
2022-08-17,10384.0
2022-08-18,10398.0
2022-08-19,10855.0
2022-08-20,10104.0
2022-08-21,9707.0
2022-08-22,10248.0
2022-08-23,10843.0
2022-08-24,10478.0
2022-08-25,10065.0
2022-08-26,9799.0
2022-08-27,9500.0
2022-08-28,8724.0
2022-08-29,10030.0
2022-08-30,10671.0
2022-08-31,10199.0
2022-09-01,10597.0
2022-09-02,9835.0
2022-09-03,9215.0
2022-09-04,8838.0
2022-09-05,9698.0
2022-09-06,11560.0
2022-09-07,12401.0
2022-09-08,10260.0
2022-09-09,11804.0
2022-09-10,11248.0
2022-09-11,11423.0
2022-09-12,10034.0
2022-09-13,10621.0
2022-09-14,10143.0
2022-09-15,10917.0
2022-09-16,9891.0
2022-09-17,11675.0
2022-09-18,11730.0
2022-09-19,9721.0
2022-09-20,11190.0
2022-09-21,11326.0
2022-09-22,9938.0
2022-09-23,9211.0
2022-09-24,8113.0
2022-09-25,9094.0
2022-09-26,9252.0
2022-09-27,9851.0
2022-09-28,9578.0
2022-09-29,9463.0
2022-09-30,8888.0
2022-10-01,8028.0
2022-10-02,7718.0
2022-10-03,8803.0
2022-10-04,8765.0
2022-10-05,9003.0
2022-10-06,9125.0
2022-10-07,8479.0
2022-10-08,7539.0
2022-10-09,7770.0
2022-10-10,7887.0
2022-10-11,8719.0
2022-10-12,8726.0
2022-10-13,9198.0
2022-10-14,9020.0
2022-10-15,24032.0
2022-10-16,25943.0
2022-10-17,38652.0
2022-10-18,28962.0
2022-10-19,27145.0
2022-10-20,27581.0
2022-10-21,27039.0
2022-10-22,27334.0
2022-10-23,26310.0
2022-10-24,25903.0
2022-10-25,26930.0
2022-10-26,27162.0
2022-10-27,26710.0
2022-10-28,27628.0
2022-10-29,27002.0
2022-10-30,30944.0
2022-10-31,28088.0
2022-11-01,27336.0
2022-11-02,28245.0
2022-11-03,21605.0
2022-11-04,26685.0
2022-11-05,29622.0
2022-11-06,31477.0
2022-11-07,31575.0
2022-11-08,35772.0
2022-11-09,37232.0
2022-11-10,43870.0
2022-11-11,26732.0
2022-11-12,21977.0
2022-11-13,22259.0
2022-11-14,25797.0
2022-11-15,21177.0
2022-11-16,14095.0
2022-11-17,14110.0
2022-11-18,16003.0
2022-11-19,14046.0
2022-11-20,14106.0
2022-11-21,14456.0
2022-11-22,12600.0
2022-11-23,15080.0
2022-11-24,10813.0
2022-11-25,14171.0
2022-11-26,11320.0
2022-11-27,12492.0
2022-11-28,13793.0
2022-11-29,12107.0
2022-11-30,11201.0
2022-12-01,10675.0
2022-12-02,9738.0
2022-12-03,10539.0
2022-12-04,12389.0
2022-12-05,12498.0
2022-12-06,11322.0
2022-12-07,11101.0
2022-12-08,11132.0
2022-12-09,12448.0
2022-12-10,12144.0
2022-12-11,12370.0
2022-12-12,13361.0
2022-12-13,14491.0
2022-12-14,14350.0
2022-12-15,13073.0
2022-12-16,11389.0
2022-12-17,10675.0
2022-12-18,9782.0
2022-12-19,9868.0
2022-12-20,9947.0
2022-12-21,10137.0
2022-12-22,10899.0
2022-12-23,11860.0
2022-12-24,9511.0
2022-12-25,9456.0
2022-12-26,10919.0
2022-12-27,10534.0
2022-12-28,10992.0
2022-12-29,10020.0
2022-12-30,11149.0
2022-12-31,9758.0
2023-01-01,10063.0
2023-01-02,11732.0
2023-01-03,13078.0
2023-01-04,11821.0
2023-01-05,10917.0
2023-01-06,10381.0
2023-01-07,9944.0
2023-01-08,9806.0
2023-01-09,10109.0
2023-01-10,10956.0
2023-01-11,11298.0
2023-01-12,11053.0
2023-01-13,10852.0
2023-01-14,10413.0
2023-01-15,10315.0
2023-01-16,12595.0
2023-01-17,12370.0
2023-01-18,12898.0
2023-01-19,12204.0
2023-01-20,11340.0
2023-01-21,9809.0
2023-01-22,9100.0
2023-01-23,9443.0
2023-01-24,10546.0
2023-01-25,9220.0
2023-01-26,8650.0
2023-01-27,9401.0
2023-01-28,7582.0
2023-01-29,8304.0
2023-01-30,8765.0
2023-01-31,8651.0
2023-02-01,9031.0
2023-02-02,8823.0
2023-02-03,9033.0
2023-02-04,7105.0
2023-02-05,6954.0
2023-02-06,7658.0
2023-02-07,7679.0
2023-02-08,7451.0
2023-02-09,8576.0
2023-02-10,7104.0
2023-02-11,6823.0
2023-02-12,6982.0
2023-02-13,7458.0
2023-02-14,7179.0
2023-02-15,7615.0
2023-02-16,8726.0
2023-02-17,9739.0
2023-02-18,8911.0
2023-02-19,9314.0
2023-02-20,10113.0
2023-02-21,9486.0
2023-02-22,8567.0
2023-02-23,8069.0
2023-02-24,8694.0
2023-02-25,14895.0
2023-02-26,8330.0
2023-02-27,8806.0
2023-02-28,8993.0
2023-03-01,10076.0
2023-03-02,8919.0
2023-03-03,9070.0
2023-03-04,9914.0
2023-03-05,7894.0
2023-03-06,8807.0
2023-03-07,8850.0
2023-03-08,8340.0
2023-03-09,8517.0
2023-03-10,9737.0
2023-03-11,8011.0
2023-03-12,8134.0
2023-03-13,10568.0
2023-03-14,11622.0
2023-03-15,9316.0
2023-03-16,8639.0
2023-03-17,8851.0
2023-03-18,8232.0
2023-03-19,8467.0
2023-03-20,9030.0
2023-03-21,10520.0
2023-03-22,9096.0
2023-03-23,9691.0
2023-03-24,9274.0
2023-03-25,7552.0
2023-03-26,7367.0
2023-03-27,8056.0
2023-03-28,8152.0
2023-03-29,8703.0
2023-03-30,9144.0
2023-03-31,8963.0
2023-04-01,7587.0
2023-04-02,6700.0
2023-04-03,8014.0
2023-04-04,8226.0
2023-04-05,7525.0
2023-04-06,8173.0
2023-04-07,7995.0
2023-04-08,7511.0
2023-04-09,7162.0
2023-04-10,8603.0
2023-04-11,9764.0
2023-04-12,8854.0
2023-04-13,8122.0
2023-04-14,7642.0
2023-04-15,6881.0
2023-04-16,7068.0
2023-04-17,7445.0
2023-04-18,7195.0
2023-04-19,7556.0
2023-04-20,7807.0
2023-04-21,7278.0
2023-04-22,7095.0
2023-04-23,8167.0
2023-04-24,9788.0
2023-04-25,8299.0
2023-04-26,8738.0
2023-04-27,8444.0
2023-04-28,7856.0
2023-04-29,7383.0
2023-04-30,8217.0
2023-05-01,7994.0
2023-05-02,7921.0
2023-05-03,9107.0
2023-05-04,9396.0
2023-05-05,8624.0
2023-05-06,8109.0
2023-05-07,7020.0
2023-05-08,7037.0
2023-05-09,6862.0
2023-05-10,7166.0
2023-05-11,7715.0
2023-05-12,8003.0
2023-05-13,6979.0
2023-05-14,6808.0
2023-05-15,7154.0
2023-05-16,7929.0
2023-05-17,9053.0
2023-05-18,8616.0
2023-05-19,8414.0
2023-05-20,6545.0
2023-05-21,6865.0
2023-05-22,7766.0
2023-05-23,7527.0
2023-05-24,6923.0
2023-05-25,7630.0
2023-05-26,9317.0
2023-05-27,8681.0
2023-05-28,8940.0
2023-05-29,10544.0
2023-05-30,9793.0
2023-05-31,7793.0
2023-06-01,8072.0
2023-06-02,8046.0
2023-06-03,6967.0
2023-06-04,7594.0
2023-06-05,8280.0
2023-06-06,8500.0
2023-06-07,9055.0
2023-06-08,7399.0
2023-06-09,6823.0
2023-06-10,6912.0
2023-06-11,7019.0
2023-06-12,7627.0
2023-06-13,7411.0
2023-06-14,7929.0
2023-06-15,10168.0
2023-06-16,10108.0
2023-06-17,8825.0
2023-06-18,8733.0
2023-06-19,9636.0
2023-06-20,9574.0
2023-06-21,11068.0
2023-06-22,10184.0
2023-06-23,9654.0
2023-06-24,12577.0
2023-06-25,10611.0
2023-06-26,9669.0
2023-06-27,9918.0
2023-06-28,10554.0
2023-06-29,11013.0
2023-06-30,10676.0
2023-07-01,8005.0
2023-07-02,8775.0
2023-07-03,9328.0
2023-07-04,11738.0
2023-07-05,9392.0
2023-07-06,9536.0
2023-07-07,10113.0
2023-07-08,7006.0
2023-07-09,7113.0
2023-07-10,9997.0
2023-07-11,9290.0
2023-07-12,10027.0
2023-07-13,8074.0
2023-07-14,7294.0
2023-07-15,6529.0
2023-07-16,6412.0
2023-07-17,8231.0
2023-07-18,7957.0
2023-07-19,7624.0
2023-07-20,7101.0
2023-07-21,7525.0
2023-07-22,6634.0
2023-07-23,7115.0
2023-07-24,8451.0
2023-07-25,8029.0
2023-07-26,8066.0
2023-07-27,8129.0
2023-07-28,7546.0
2023-07-29,7911.0
2023-07-30,6825.0
2023-07-31,7961.0
2023-08-01,8439.0
2023-08-02,7588.0
2023-08-03,8302.0
2023-08-04,7189.0
2023-08-05,6985.0
2023-08-06,6621.0
2023-08-07,7973.0
2023-08-08,6962.0
2023-08-09,7354.0
2023-08-10,8137.0
2023-08-11,7715.0
2023-08-12,6737.0
2023-08-13,6828.0
2023-08-14,7907.0
2023-08-15,8705.0
2023-08-16,8613.0
2023-08-17,10431.0
2023-08-18,14452.0
2023-08-19,11923.0
2023-08-20,8534.0
2023-08-21,10202.0
2023-08-22,9424.0
2023-08-23,7886.0
2023-08-24,7239.0
2023-08-25,9975.0
2023-08-26,9797.0
2023-08-27,10263.0
2023-08-28,10021.0
2023-08-29,10597.0
2023-08-30,8961.0
2023-08-31,8512.0
2023-09-01,7873.0
2023-09-02,7441.0
2023-09-03,6828.0
2023-09-04,8372.0
2023-09-05,7736.0
2023-09-06,7626.0
2023-09-07,8210.0
2023-09-08,13903.0
2023-09-09,14530.0
2023-09-10,10139.0
2023-09-11,10901.0
2023-09-12,10465.0
2023-09-13,10244.0
2023-09-14,12805.0
2023-09-15,10112.0
2023-09-16,8516.0
2023-09-17,7246.0
2023-09-18,10545.0
2023-09-19,10226.0
2023-09-20,10220.0
2023-09-21,12075.0
2023-09-22,10897.0
2023-09-23,11341.0
2023-09-24,8804.0
2023-09-25,9270.0
2023-09-26,9393.0
2023-09-27,10193.0
2023-09-28,9461.0
2023-09-29,9178.0
2023-09-30,7806.0
2023-10-01,9423.0
2023-10-02,9831.0
2023-10-03,7833.0
2023-10-04,8937.0
2023-10-05,7711.0
2023-10-06,8239.0
2023-10-07,8517.0
2023-10-08,7405.0
2023-10-09,8141.0
2023-10-10,9326.0
2023-10-11,8974.0
2023-10-12,8954.0
2023-10-13,7877.0
2023-10-14,7935.0
2023-10-15,9337.0
2023-10-16,11986.0
2023-10-17,9571.0
2023-10-18,9903.0
2023-10-19,10592.0
2023-10-20,11894.0
2023-10-21,9521.0
2023-10-22,10003.0
2023-10-23,13801.0
2023-10-24,23112.0
2023-10-25,17483.0
2023-10-26,13064.0
2023-10-27,10583.0
2023-10-28,8755.0
2023-10-29,8879.0
2023-10-30,9426.0
2023-10-31,10493.0
2023-11-01,8845.0
2023-11-02,8808.0
2023-11-03,10987.0
2023-11-04,9167.0
2023-11-05,9731.0
2023-11-06,10091.0
2023-11-07,8567.0
2023-11-08,10482.0
2023-11-09,11099.0
2023-11-10,10744.0
2023-11-11,7793.0
2023-11-12,9438.0
2023-11-13,14077.0
2023-11-14,10005.0
2023-11-15,9723.0
2023-11-16,9728.0
2023-11-17,9738.0
2023-11-18,10001.0
2023-11-19,8585.0
2023-11-20,10195.0
2023-11-21,11338.0
2023-11-22,13564.0
2023-11-23,11676.0
2023-11-24,11126.0
2023-11-25,10452.0
2023-11-26,8517.0
2023-11-27,9159.0
2023-11-28,10708.0
2023-11-29,10440.0
2023-11-30,9742.0
2023-12-01,8970.0
2023-12-02,10854.0
2023-12-03,12723.0
2023-12-04,17491.0
2023-12-05,16988.0
2023-12-06,17278.0
2023-12-07,15453.0
2023-12-08,13692.0
2023-12-09,11211.0
2023-12-10,9901.0
2023-12-11,11408.0
2023-12-12,9584.0
2023-12-13,7395.0
2023-12-14,7231.0
2023-12-15,7125.0
2023-12-16,6283.0
2023-12-17,7493.0
2023-12-18,7698.0
2023-12-19,10934.0
2023-12-20,11146.0
2023-12-21,10539.0
2023-12-22,7377.0
2023-12-23,10966.0
2023-12-24,10020.0
2023-12-25,11412.0
2023-12-26,10432.0
2023-12-27,8657.0
2023-12-28,6971.0
2023-12-29,7432.0
2023-12-30,7178.0
2023-12-31,6447.0
2024-01-01,10488.0
2024-01-02,14925.0
2024-01-03,25065.0
2024-01-04,14024.0
2024-01-05,10403.0
2024-01-06,11916.0
2024-01-07,11511.0
2024-01-08,16561.0
2024-01-09,14880.0
2024-01-10,15535.0
2024-01-11,25628.0
2024-01-12,24325.0
2024-01-13,17983.0
2024-01-14,14364.0
2024-01-15,17540.0
2024-01-16,15929.0
2024-01-17,15056.0
2024-01-18,11673.0
2024-01-19,16299.0
2024-01-20,14068.0
2024-01-21,11331.0
2024-01-22,12629.0
2024-01-23,11902.0
2024-01-24,10266.0
2024-01-25,8977.0
2024-01-26,9139.0
2024-01-27,9129.0
2024-01-28,8001.0
2024-01-29,9368.0
2024-01-30,12448.0
2024-01-31,10397.0
2024-02-01,9195.0
2024-02-02,8948.0
2024-02-03,9213.0
2024-02-04,9793.0
2024-02-05,10561.0
2024-02-06,13451.0
2024-02-07,10220.0
2024-02-08,12301.0
2024-02-09,12496.0
2024-02-10,12392.0
2024-02-11,13241.0
2024-02-12,12541.0
2024-02-13,16594.0
2024-02-14,14182.0
2024-02-15,15447.0
2024-02-16,12298.0
2024-02-17,9841.0
2024-02-18,12392.0
2024-02-19,13961.0
2024-02-20,16060.0
2024-02-21,15397.0
2024-02-22,16573.0
2024-02-23,16256.0
2024-02-24,13084.0
2024-02-25,12721.0
2024-02-26,16865.0
2024-02-27,22103.0
2024-02-28,30376.0
2024-02-29,22194.0
2024-03-01,16792.0
2024-03-02,15853.0
2024-03-03,14950.0
2024-03-04,22054.0
2024-03-05,22789.0
2024-03-06,25849.0
2024-03-07,24947.0
2024-03-08,23389.0
2024-03-09,21797.0
2024-03-10,20491.0
2024-03-11,29936.0
2024-03-12,26506.0
2024-03-13,21398.0
2024-03-14,16622.0
2024-03-15,14167.0
2024-03-16,11915.0
2024-03-17,18972.0
2024-03-18,18362.0
2024-03-19,22023.0
2024-03-20,15334.0
2024-03-21,12936.0
2024-03-22,13418.0
2024-03-23,11183.0
2024-03-24,11233.0
2024-03-25,16420.0
2024-03-26,15827.0
2024-03-27,12698.0
2024-03-28,13276.0
2024-03-29,10671.0
2024-03-30,9322.0
2024-03-31,9018.0
2024-04-01,10145.0
2024-04-02,9407.0
2024-04-03,9481.0
2024-04-04,15294.0
2024-04-05,9888.0
2024-04-06,8983.0
2024-04-07,8299.0
2024-04-08,8982.0
2024-04-09,8225.0
2024-04-10,8007.0
2024-04-11,8438.0
2024-04-12,11951.0
2024-04-13,11208.0
2024-04-14,10613.0
2024-04-15,9767.0
2024-04-16,9897.0
2024-04-17,9282.0
2024-04-18,10715.0
2024-04-19,10970.0
2024-04-20,16364.0
2024-04-21,14123.0
2024-04-22,12984.0
2024-04-23,11327.0
2024-04-24,37086.0
2024-04-25,23943.0
2024-04-26,10658.0
2024-04-27,9397.0
2024-04-28,8970.0
2024-04-29,9369.0
2024-04-30,12329.0
2024-05-01,9283.0
2024-05-02,7926.0
2024-05-03,7372.0
2024-05-04,8377.0
2024-05-05,10191.0
2024-05-06,9902.0
2024-05-07,8439.0
2024-05-08,8185.0
2024-05-09,7734.0
2024-05-10,6567.0
2024-05-11,5112.0
2024-05-12,5792.0
2024-05-13,7391.0
2024-05-14,8173.0
2024-05-15,7415.0
2024-05-16,7425.0
2024-05-17,8140.0
2024-05-18,7827.0
2024-05-19,6857.0
2024-05-20,7219.0
2024-05-21,9233.0
2024-05-22,9822.0
2024-05-23,8428.0
2024-05-24,7950.0
2024-05-25,6147.0
2024-05-26,6596.0
2024-05-27,6812.0
2024-05-28,7418.0
2024-05-29,7752.0
2024-05-30,7135.0
2024-05-31,6669.0
2024-06-01,6100.0
2024-06-02,6723.0
2024-06-03,7261.0
2024-06-04,7241.0
2024-06-05,9261.0
2024-06-06,6418.0
2024-06-07,6258.0
2024-06-08,5754.0
2024-06-09,5534.0
2024-06-10,5876.0
2024-06-11,6103.0
2024-06-12,6109.0
2024-06-13,5785.0
2024-06-14,5727.0
2024-06-15,19532.0
2024-06-16,12543.0
2024-06-17,8174.0
2024-06-18,6166.0
2024-06-19,5644.0
2024-06-20,6267.0
2024-06-21,5843.0
2024-06-22,6117.0
2024-06-23,5257.0
2024-06-24,6473.0
2024-06-25,5932.0
2024-06-26,8703.0
2024-06-27,5518.0
2024-06-28,5162.0
2024-06-29,5044.0
2024-06-30,5598.0
2024-07-01,5520.0
2024-07-02,6508.0
2024-07-03,7089.0
2024-07-04,5521.0
2024-07-05,7201.0
2024-07-06,5603.0
2024-07-07,6373.0
2024-07-08,5750.0
2024-07-09,5651.0
2024-07-10,6163.0
2024-07-11,7014.0
2024-07-12,5732.0
2024-07-13,4785.0
2024-07-14,4853.0
2024-07-15,5443.0
2024-07-16,5970.0
2024-07-17,6121.0
2024-07-18,6117.0
2024-07-19,6933.0
2024-07-20,4932.0
2024-07-21,5918.0
2024-07-22,6936.0
2024-07-23,8388.0
2024-07-24,6922.0
2024-07-25,5890.0
2024-07-26,6195.0
2024-07-27,9713.0
2024-07-28,9440.0
2024-07-29,8147.0
2024-07-30,7094.0
2024-07-31,6435.0
2024-08-01,7690.0
2024-08-02,6154.0
2024-08-03,5350.0
2024-08-04,5770.0
2024-08-05,8955.0
2024-08-06,7921.0
2024-08-07,7581.0
2024-08-08,7011.0
2024-08-09,7089.0
2024-08-10,5188.0
2024-08-11,5517.0
2024-08-12,6356.0
2024-08-13,6078.0
2024-08-14,6189.0
2024-08-15,5729.0
2024-08-16,5725.0
2024-08-17,5539.0
2024-08-18,5563.0
2024-08-19,6228.0
2024-08-20,6124.0
2024-08-21,5916.0
2024-08-22,5799.0
2024-08-23,6738.0
2024-08-24,5456.0
2024-08-25,5436.0
2024-08-26,6182.0
2024-08-27,6651.0
2024-08-28,6649.0
2024-08-29,7163.0
2024-08-30,7480.0
2024-08-31,6432.0
2024-09-01,8400.0
2024-09-02,7233.0
2024-09-03,6990.0
2024-09-04,8371.0
2024-09-05,6657.0
2024-09-06,6950.0
2024-09-07,7147.0
2024-09-08,8129.0
2024-09-09,7254.0
2024-09-10,6634.0
2024-09-11,6299.0
2024-09-12,6848.0
2024-09-13,7012.0
2024-09-14,8132.0
2024-09-15,6423.0
2024-09-16,6284.0
2024-09-17,7259.0
2024-09-18,7588.0
2024-09-19,7161.0
2024-09-20,6897.0
2024-09-21,7377.0
2024-09-22,7585.0
2024-09-23,7780.0
2024-09-24,7587.0
2024-09-25,7758.0
2024-09-26,8082.0
2024-09-27,7212.0
2024-09-28,7623.0
2024-09-29,7267.0
2024-09-30,9367.0
2024-10-01,7346.0
2024-10-02,7278.0
2024-10-03,6989.0
2024-10-04,8755.0
2024-10-05,9164.0
2024-10-06,8100.0
2024-10-07,8094.0
2024-10-08,8156.0
2024-10-09,11138.0
2024-10-10,8838.0
2024-10-11,9121.0
2024-10-12,7562.0
2024-10-13,8261.0
2024-10-14,8246.0
2024-10-15,7727.0
2024-10-16,6467.0
2024-10-17,6486.0
2024-10-18,6247.0
2024-10-19,6239.0
2024-10-20,6394.0
2024-10-21,6186.0
2024-10-22,6587.0
2024-10-23,6436.0
2024-10-24,7339.0
2024-10-25,6394.0
2024-10-26,6400.0
2024-10-27,5979.0
2024-10-28,6869.0
2024-10-29,8981.0
2024-10-30,8421.0
2024-10-31,8107.0
2024-11-01,7982.0
2024-11-02,7208.0
2024-11-03,9364.0
2024-11-04,8788.0
2024-11-05,9193.0
2024-11-06,12824.0
2024-11-07,10479.0
2024-11-08,9508.0
2024-11-09,9355.0
2024-11-10,12541.0
2024-11-11,21551.0
2024-11-12,20535.0
2024-11-13,18971.0
2024-11-14,16386.0
2024-11-15,13200.0
2024-11-16,13014.0
2024-11-17,13237.0
2024-11-18,11964.0
2024-11-19,13152.0
2024-11-20,15546.0
2024-11-21,19596.0
2024-11-22,20755.0
2024-11-23,15047.0
2024-11-24,14730.0
2024-11-25,13680.0
2024-11-26,12784.0
2024-11-27,11756.0
2024-11-28,10691.0
2024-11-29,10695.0
2024-11-30,9619.0
2024-12-01,10402.0
2024-12-02,13103.0
2024-12-03,12725.0
2024-12-04,12072.0
2024-12-05,43027.0
2024-12-06,25481.0
2024-12-07,17598.0
2024-12-08,14137.0
2024-12-09,15630.0
2024-12-10,15075.0
2024-12-11,14011.0
2024-12-12,13651.0
2024-12-13,13608.0
2024-12-14,11651.0
2024-12-15,12999.0
2024-12-16,16228.0
2024-12-17,14055.0
2024-12-18,13058.0
2024-12-19,14029.0
2024-12-20,13167.0
2024-12-21,11383.0
2024-12-22,11650.0
2024-12-23,11603.0
2024-12-24,10110.0
2024-12-25,9994.0
2024-12-26,11101.0
2024-12-27,11582.0
2024-12-28,10182.0
2024-12-29,9993.0
2024-12-30,9709.0
2024-12-31,9971.0
2025-01-01,11135.0
2025-01-02,12817.0
2025-01-03,17881.0
2025-01-04,12135.0
2025-01-05,11805.0
2025-01-06,11820.0
2025-01-07,10936.0
2025-01-08,10600.0
2025-01-09,10892.0
2025-01-10,11893.0
2025-01-11,8931.0
2025-01-12,10407.0
2025-01-13,8990.0
2025-01-14,9692.0
2025-01-15,11209.0
2025-01-16,9845.0
2025-01-17,10534.0
2025-01-18,10776.0
2025-01-19,12569.0
2025-01-20,16482.0
2025-01-21,14907.0
2025-01-22,15137.0
2025-01-23,15214.0
2025-01-24,14508.0
2025-01-25,11606.0
2025-01-26,11878.0
2025-01-27,12147.0
2025-01-28,12204.0
2025-01-29,11075.0
2025-01-30,10899.0
2025-01-31,10932.0
2025-02-01,9521.0
2025-02-02,9467.0
2025-02-03,11083.0
2025-02-04,10749.0
2025-02-05,10191.0
2025-02-06,9855.0
2025-02-07,9238.0
2025-02-08,8643.0
2025-02-09,9463.0
2025-02-10,10100.0
2025-02-11,9386.0
2025-02-12,8722.0
2025-02-13,8746.0
2025-02-14,7934.0
2025-02-15,8178.0
2025-02-16,9186.0
2025-02-17,8603.0
2025-02-18,9276.0
2025-02-19,9084.0
2025-02-20,9612.0
2025-02-21,10025.0
2025-02-22,9069.0
2025-02-23,8956.0
2025-02-24,8990.0
2025-02-25,20014.0
2025-02-26,10761.0
2025-02-27,10517.0
2025-02-28,11691.0
2025-03-01,8779.0
2025-03-02,10913.0
2025-03-03,14442.0
2025-03-04,12051.0
2025-03-05,11437.0
2025-03-06,14797.0
2025-03-07,21104.0
2025-03-08,13347.0
2025-03-09,12107.0
2025-03-10,16470.0
2025-03-11,17567.0
2025-03-12,15835.0
2025-03-13,14863.0
2025-03-14,11733.0
2025-03-15,13751.0
2025-03-16,13586.0
2025-03-17,11163.0
2025-03-18,10058.0
2025-03-19,10359.0
2025-03-20,9396.0
2025-03-21,14395.0
2025-03-22,8151.0
2025-03-23,8121.0
2025-03-24,17961.0
2025-03-25,14960.0
2025-03-26,10280.0
2025-03-27,15668.0
2025-03-28,16516.0
2025-03-29,11435.0
2025-03-30,11212.0
2025-03-31,8947.0
2025-04-01,8404.0
2025-04-02,9238.0
2025-04-03,13194.0
2025-04-04,10269.0
2025-04-05,14232.0
2025-04-06,10799.0
2025-04-07,12629.0
2025-04-08,11562.0
2025-04-09,13206.0
2025-04-10,12020.0
2025-04-11,9388.0
2025-04-12,9897.0
2025-04-13,10049.0
2025-04-14,11296.0
2025-04-15,12269.0
2025-04-16,9856.0
2025-04-17,9543.0
2025-04-18,10802.0
2025-04-19,9304.0
2025-04-20,12857.0
2025-04-21,13655.0
2025-04-22,12306.0
2025-04-23,12572.0
2025-04-24,11924.0
2025-04-25,11286.0
2025-04-26,11824.0
2025-04-27,11127.0
2025-04-28,10874.0
2025-04-29,12724.0
2025-04-30,11418.0
2025-05-01,9647.0
2025-05-02,8380.0
2025-05-03,9441.0
2025-05-04,8739.0
2025-05-05,10057.0
2025-05-06,10578.0
2025-05-07,7988.0
2025-05-08,11939.0
2025-05-09,11929.0
2025-05-10,8930.0
2025-05-11,10302.0
2025-05-12,9799.0
2025-05-13,10037.0
2025-05-14,10148.0
2025-05-15,14278.0
2025-05-16,8329.0
2025-05-17,9000.0
2025-05-18,9079.0
2025-05-19,9339.0
2025-05-20,8204.0
2025-05-21,9085.0
2025-05-22,11898.0
2025-05-23,15786.0
2025-05-24,9421.0
2025-05-25,10940.0
2025-05-26,10312.0
2025-05-27,10603.0
2025-05-28,12499.0
2025-05-29,13925.0
2025-05-30,14483.0
2025-05-31,15141.0
2025-06-01,14521.0
2025-06-02,15969.0
2025-06-03,15637.0
2025-06-04,18195.0
2025-06-05,11849.0
2025-06-06,10306.0
2025-06-07,9245.0
2025-06-08,10742.0
2025-06-09,11398.0
2025-06-10,9196.0
2025-06-11,9460.0
2025-06-12,8970.0
2025-06-13,9171.0
2025-06-14,8317.0
2025-06-15,9935.0
2025-06-16,9303.0
2025-06-17,8796.0
2025-06-18,8859.0
2025-06-19,8488.0
2025-06-20,10384.0
2025-06-21,8187.0
2025-06-22,8775.0
2025-06-23,10013.0
2025-06-24,10581.0
2025-06-25,8924.0
2025-06-26,9382.0
2025-06-27,11351.0
2025-06-28,18838.0
2025-06-29,7178.0
2025-06-30,7507.0
2025-07-01,8010.0
2025-07-02,9260.0
2025-07-03,7481.0
2025-07-04,7911.0
2025-07-05,7365.0
2025-07-06,7433.0
2025-07-07,8159.0
2025-07-08,7986.0
2025-07-09,8203.0
2025-07-10,10481.0
2025-07-11,11331.0
2025-07-12,9361.0
2025-07-13,9207.0
2025-07-14,14226.0
2025-07-15,11119.0
2025-07-16,10973.0
2025-07-17,10086.0
2025-07-18,9902.0
2025-07-19,8710.0
2025-07-20,8811.0
2025-07-21,9139.0
2025-07-22,9192.0
2025-07-23,9092.0
2025-07-24,8480.0
2025-07-25,7843.0
2025-07-26,8440.0
2025-07-27,7582.0
2025-07-28,8883.0
2025-07-29,10237.0
2025-07-30,8185.0
2025-07-31,8894.0
2025-08-01,8366.0
2025-08-02,7767.0
2025-08-03,7799.0
2025-08-04,11659.0
2025-08-05,9616.0
2025-08-06,9113.0
2025-08-07,9157.0
2025-08-08,8759.0
2025-08-09,7754.0
2025-08-10,9098.0
2025-08-11,8703.0
2025-08-12,8212.0
2025-08-13,8341.0
2025-08-14,9142.0
2025-08-15,8420.0
2025-08-16,7214.0
2025-08-17,8086.0
2025-08-18,7924.0
2025-08-19,8068.0
2025-08-20,7741.0
2025-08-21,7278.0
2025-08-22,7313.0
2025-08-23,6456.0
2025-08-24,5736.0
2025-08-25,7107.0
2025-08-26,7277.0
2025-08-27,7249.0
2025-08-28,7075.0
2025-08-29,6667.0
2025-08-30,6221.0
2025-08-31,5955.0
2025-09-01,6215.0
2025-09-02,6220.0
2025-09-03,7073.0
2025-09-04,7281.0
2025-09-05,6806.0
2025-09-06,6561.0
2025-09-07,6695.0
2025-09-08,7508.0
2025-09-09,7401.0
2025-09-10,7183.0
2025-09-11,6422.0
2025-09-12,6737.0
2025-09-13,5831.0
2025-09-14,6113.0
2025-09-15,6538.0
2025-09-16,7194.0
2025-09-17,6901.0
2025-09-18,7358.0
2025-09-19,6574.0
2025-09-20,6984.0
2025-09-21,6297.0
2025-09-22,7340.0
2025-09-23,6431.0
2025-09-24,6574.0
2025-09-25,6790.0
2025-09-26,6458.0
2025-09-27,5415.0
2025-09-28,6136.0
2025-09-29,6608.0
2025-09-30,10872.0
2025-10-01,6662.0
2025-10-02,6503.0
2025-10-03,6555.0
2025-10-04,5837.0
2025-10-05,7841.0
2025-10-06,8694.0
2025-10-07,7629.0
2025-10-08,7356.0
2025-10-09,7213.0
2025-10-10,6991.0
2025-10-11,10226.0
2025-10-12,10183.0
2025-10-13,9572.0
2025-10-14,9387.0
2025-10-15,9518.0
2025-10-16,8501.0
2025-10-17,10606.0
2025-10-18,10364.0
2025-10-19,9840.0
2025-10-20,10661.0
2025-10-21,11680.0
2025-10-22,10874.0
2025-10-23,11267.0
2025-10-24,10795.0
2025-10-25,9868.0
2025-10-26,9477.0
2025-10-27,10130.0
2025-10-28,10491.0
2025-10-29,10386.0
2025-10-30,10706.0
2025-10-31,11501.0
2025-11-01,11121.0
2025-11-02,10910.0
2025-11-03,11024.0
2025-11-04,10927.0
2025-11-05,11251.0
2025-11-06,10396.0
2025-11-07,11203.0
2025-11-08,9527.0
2025-11-09,9218.0
2025-11-10,9906.0
2025-11-11,10901.0
2025-11-12,10082.0
2025-11-13,9117.0
2025-11-14,10109.0
2025-11-15,8811.0
2025-11-16,8386.0
2025-11-17,9766.0
2025-11-18,11225.0
2025-11-19,11243.0
2025-11-20,10461.0
2025-11-21,12166.0
2025-11-22,10059.0
2025-11-23,9210.0
2025-11-24,10424.0
2025-11-25,10357.0
2025-11-26,9543.0
2025-11-27,8819.0
2025-11-28,8551.0
2025-11-29,7710.0
2025-11-30,7664.0
2025-12-01,10769.0
2025-12-02,10605.0
2025-12-03,8976.0
2025-12-04,8942.0
2025-12-05,7599.0
2025-12-06,6757.0
2025-12-07,6911.0
2025-12-08,8907.0
2025-12-09,8300.0
2025-12-10,7234.0
2025-12-11,8280.0
2025-12-12,7310.0
2025-12-13,6542.0
2025-12-14,6991.0
2025-12-15,7136.0
2025-12-16,6661.0
2025-12-17,10022.0
2025-12-18,32160.0
2025-12-19,6417.0
2025-12-20,5611.0
2025-12-21,10505.0
2025-12-22,6492.0
2025-12-23,6286.0
2025-12-24,6175.0
2025-12-25,5963.0
2025-12-26,6620.0
2025-12-27,6124.0
2025-12-28,6987.0
2025-12-29,7378.0
2025-12-30,6498.0
2025-12-31,7706.0
2026-01-01,8222.0
2026-01-02,7354.0
2026-01-03,7741.0
2026-01-04,8114.0
2026-01-05,7609.0
2026-01-06,7920.0
2026-01-07,6681.0
2026-01-08,6244.0
2026-01-09,5954.0
2026-01-10,6657.0
2026-01-11,6959.0
2026-01-12,7142.0
2026-01-13,7122.0
2026-01-14,9135.0
2026-01-15,6779.0
2026-01-16,6297.0
2026-01-17,6680.0
2026-01-18,5803.0
2026-01-19,6195.0
2026-01-20,8156.0
2026-01-21,7114.0
2026-01-22,7854.0
2026-01-23,7116.0
2026-01-24,8186.0
2026-01-25,6323.0
2026-01-26,6673.0
2026-01-27,6440.0
2026-01-28,6299.0
2026-01-29,6972.0
2026-01-30,7128.0
2026-01-31,6465.0
2026-02-01,7529.0
2026-02-02,10346.0
2026-02-03,11064.0
2026-02-04,10701.0
2026-02-05,20093.0
2026-02-06,23448.0
2026-02-07,14869.0
2026-02-08,12796.0
2026-02-09,12421.0
2026-02-10,10687.0
2026-02-11,12641.0
2026-02-12,10909.0
2026-02-13,9501.0
2026-02-14,9899.0
2026-02-15,6945.0
2026-02-16,8632.0
2026-02-17,7300.0
2026-02-18,6928.0
2026-02-19,6507.0
2026-02-20,6389.0
2026-02-21,7061.0
2026-02-22,5841.0
2026-02-23,7145.0
2026-02-24,7476.0
2026-02-25,6476.0
2026-02-26,6102.0
2026-02-27,5685.0
2026-02-28,5172.0
2026-03-01,5292.0
2026-03-02,5883.0
2026-03-03,5968.0
2026-03-04,6200.0
2026-03-05,6222.0
2026-03-06,5292.0
2026-03-07,6895.0
2026-03-08,5195.0
2026-03-09,6312.0
2026-03-10,6554.0
2026-03-11,5938.0
2026-03-12,10534.0
2026-03-13,11290.0
2026-03-14,9615.0
2026-03-15,4658.0
2026-03-16,5649.0
2026-03-17,7343.0
2026-03-18,5132.0
2026-03-19,6687.0
2026-03-20,5986.0
2026-03-21,5343.0
2026-03-22,5409.0
2026-03-23,6981.0
2026-03-24,5483.0
2026-03-25,6918.0
2026-03-26,6512.0
2026-03-27,5709.0
2026-03-28,5648.0
2026-03-29,4982.0
2026-03-30,5742.0
2026-03-31,5335.0
2026-04-01,4854.0
2026-04-02,4865.0
2026-04-03,4883.0
2026-04-04,4321.0
2026-04-05,6437.0
2026-04-06,7251.0
2026-04-07,5313.0
2026-04-08,8981.0
2026-04-09,9078.0
2026-04-10,6932.0
2026-04-11,7672.0
2026-04-12,5597.0
2026-04-13,7550.0
2026-04-14,6683.0
2026-04-15,6011.0
2026-04-16,5818.0
2026-04-17,5540.0
2026-04-18,5097.0
2026-04-19,6447.0
2026-04-20,6468.0
2026-04-21,6919.0
2026-04-22,6141.0
2026-04-23,5727.0
2026-04-24,4931.0
2026-04-25,5591.0
2026-04-26,5830.0
2026-04-27,6260.0
2026-04-28,5216.0
2026-04-29,4978.0
2026-04-30,5390.0
2026-05-01,4646.0
2026-05-02,5093.0
2026-05-03,4658.0
2026-05-04,5299.0
2026-05-05,4869.0
2026-05-06,6975.0
2026-05-07,5069.0
2026-05-08,5629.0
2026-05-09,4447.0
2026-05-10,5135.0
2026-05-11,6673.0
2026-05-12,5064.0
2026-05-13,6094.0
2026-05-14,5986.0
